timestamp,accelX,accelY,accelZ,gyroX,gyroY,gyroZ
157937,-0.44,-6.76,37.05,1.28,8.73,1.93
157972,-2.70,-5.41,34.85,1.41,8.73,1.90
158007,-5.47,-5.37,32.83,1.74,8.73,1.93
158042,-5.60,-11.46,25.80,1.58,8.73,2.08
158077,-6.87,-6.63,24.55,1.29,8.73,2.19
158113,-7.28,-4.72,22.64,1.12,8.73,2.13
158147,-4.45,-4.49,21.28,1.06,8.73,2.19
158183,-1.68,-5.75,18.95,0.99,8.73,2.27
158217,3.26,-6.23,18.45,0.82,8.73,2.40
158252,8.37,-10.14,20.75,0.61,8.73,2.47
158287,11.97,-7.00,23.00,0.46,8.73,2.30
158322,13.60,-6.34,25.26,0.41,8.73,2.13
158357,12.47,-5.60,28.92,0.70,8.73,2.02
158392,12.54,-5.86,31.82,0.72,8.73,1.94
158427,9.51,-6.83,34.53,0.75,8.73,1.98
158462,8.36,-6.62,38.69,0.81,8.73,2.02
158497,4.53,-6.41,39.99,0.77,8.73,1.98
158532,0.22,-8.12,41.68,0.81,8.73,1.90
158567,-2.23,-5.70,39.29,0.80,8.73,1.92
158602,-3.94,-4.79,34.47,0.70,8.73,1.84
158642,-6.05,-4.39,30.13,0.50,8.73,1.70
158677,-7.28,0.64,28.88,0.38,8.73,1.47
158712,-7.10,0.83,25.90,0.51,8.73,1.34
158747,-4.67,0.25,22.50,0.82,8.73,1.43
158782,1.13,-3.36,22.00,0.91,8.73,1.65
158817,5.04,-6.39,21.10,0.84,8.73,1.97
158853,9.95,-8.98,21.59,0.65,8.73,2.15
158887,12.34,-6.63,25.55,0.49,8.73,2.11
158922,12.70,-4.72,29.24,0.65,8.73,2.01
158957,14.48,-4.73,33.31,0.93,8.73,2.04
158992,12.10,-6.40,36.21,1.13,8.73,2.26
159027,9.12,-7.18,38.18,1.09,8.73,2.42
159062,6.38,-8.79,39.02,0.91,8.73,2.48
159097,2.66,-9.11,39.39,0.73,8.73,2.52
159133,-0.51,-6.28,40.07,0.68,8.73,2.33
159167,-3.41,-5.92,37.86,0.73,8.73,2.14
159202,-4.81,-5.61,34.06,0.92,8.73,2.06
159237,-5.68,-6.14,29.94,1.06,8.73,2.03
159272,-4.91,-4.47,26.59,1.17,8.73,2.16
159307,-5.11,-8.62,23.13,1.20,8.73,2.32
159343,-1.62,-8.07,21.72,1.12,8.73,2.45
159377,2.10,-7.13,19.57,0.94,8.73,2.50
159412,5.86,-6.73,22.21,0.87,8.73,2.40
159447,9.32,-6.40,22.57,1.01,8.73,2.20
159482,12.02,-4.19,26.09,1.08,8.73,2.19
159517,13.11,-5.97,30.52,1.32,8.73,2.26
159553,13.39,-7.96,33.16,1.32,8.73,2.43
159587,11.66,-10.13,36.02,1.05,8.73,2.49
159622,7.84,-9.99,38.57,0.83,8.73,2.36
159657,5.88,-8.86,39.82,0.70,8.73,2.19
159691,1.52,-9.78,40.34,0.64,8.73,2.15
159726,-1.82,-8.03,39.18,0.58,8.73,2.09
159761,-4.22,-6.79,36.06,0.37,8.73,2.01
159796,-5.28,-3.43,33.10,0.20,8.73,1.79
159831,-6.22,-0.51,30.36,0.34,8.73,1.57
159866,-4.39,-0.74,27.57,0.64,8.73,1.46
159902,-3.42,0.17,24.62,0.95,8.73,1.47
159936,1.17,0.43,24.58,1.18,8.73,1.32
159971,4.63,2.26,22.49,1.51,8.73,1.18
160006,8.27,3.41,23.81,1.94,8.73,1.23
160041,12.22,1.62,26.89,2.51,8.73,1.46
160076,13.99,-6.25,29.47,2.74,8.73,1.97
160112,14.15,-9.02,33.80,2.56,8.73,2.53
160146,12.47,-14.92,37.59,2.17,8.73,2.91
160181,9.31,-14.62,42.18,1.63,8.73,2.87
160216,6.21,-13.25,43.18,1.29,8.73,2.69
160251,2.10,-9.78,44.01,1.16,8.73,2.39
160286,-1.18,-10.02,41.08,1.21,8.73,2.20
160321,-3.56,-9.32,36.94,1.09,8.73,2.20
160356,-5.28,-9.03,32.81,1.03,8.73,2.17
160391,-3.80,-6.48,28.84,0.86,8.73,2.08
160426,-3.31,-6.45,24.98,0.74,8.73,1.89
160461,-0.82,-3.50,23.66,0.84,8.73,1.66
160496,1.62,-1.17,22.95,1.02,8.73,1.44
160531,5.00,0.58,24.22,1.37,8.73,1.28
160566,8.03,-0.99,22.35,1.68,8.73,1.40
160601,11.43,-2.99,26.98,1.93,8.73,1.68
160636,13.57,-6.77,32.36,2.03,8.73,2.03
160676,14.37,-9.88,36.64,1.92,8.73,2.46
160711,12.62,-12.69,39.80,1.76,8.73,2.82
160746,8.99,-11.99,41.65,1.45,8.73,2.99
160781,3.53,-13.94,42.50,0.98,8.73,2.99
160816,-0.54,-12.06,45.80,0.71,8.73,2.88
160851,-3.07,-9.63,43.53,0.61,8.73,2.62
160886,-4.21,-7.65,38.89,0.54,8.73,2.41
160921,-5.41,-7.12,33.17,0.35,8.73,2.16
160956,-2.24,-3.42,28.36,0.32,8.73,1.83
160991,-0.64,-0.87,25.24,0.38,8.73,1.44
161026,1.52,3.04,25.28,0.63,8.73,1.12
161061,3.73,2.34,25.37,0.98,8.73,0.93
161097,7.34,0.96,24.27,1.41,8.73,1.03
161131,11.84,-1.75,27.33,1.66,8.73,1.30
161167,14.52,-6.28,30.94,1.72,8.73,1.59
161201,14.60,-8.73,33.01,1.67,8.73,1.81
161236,12.40,-10.68,35.88,1.54,8.73,1.93
161271,9.29,-9.27,38.20,1.38,8.73,1.88
161306,6.81,-8.95,39.61,1.30,8.73,1.86
161341,2.78,-9.68,39.64,1.33,8.73,1.96
161376,-0.17,-10.89,38.76,1.31,8.73,2.11
161411,-3.01,-10.28,37.03,1.17,8.73,2.22
161447,-4.93,-8.74,34.03,0.95,8.73,2.24
161481,-5.26,-7.44,29.02,0.72,8.73,2.16
161516,-5.02,-4.87,26.02,0.63,8.73,2.01
161551,-2.94,-3.27,22.86,0.65,8.73,1.84
161587,-1.40,-1.73,19.69,0.71,8.73,1.64
161621,1.32,-0.75,19.44,0.82,8.73,1.49
161656,5.97,-0.60,20.53,1.03,8.73,1.40
161691,9.48,-1.78,21.29,1.22,8.73,1.43
161726,12.03,-3.50,25.00,1.35,8.73,1.54
161761,13.38,-5.80,29.31,1.40,8.73,1.66
161796,13.06,-6.95,32.19,1.33,8.73,1.73
161831,11.36,-7.76,34.22,1.25,8.73,1.78
161866,9.39,-8.79,37.45,1.23,8.73,1.81
161901,6.35,-7.80,39.34,1.18,8.73,1.77
161936,2.08,-8.50,38.70,1.19,8.73,1.86
161971,-1.00,-8.65,37.24,1.21,8.73,1.95
162006,-3.72,-6.80,34.56,1.12,8.73,2.01
162041,-4.90,-7.14,31.13,0.98,8.73,2.04
162076,-6.39,-6.73,27.77,0.89,8.73,2.00
162111,-6.28,-3.46,25.87,0.84,8.73,1.97
162147,-4.91,-5.63,23.00,0.86,8.73,1.95
162181,-1.58,-3.14,20.91,0.89,8.73,1.91
162216,3.18,-3.21,20.92,0.87,8.73,1.83
162251,5.66,-4.56,19.91,0.91,8.73,1.83
162286,8.78,-5.17,18.97,0.84,8.73,1.90
162321,10.27,-7.80,23.57,0.75,8.73,1.94
162356,12.78,-5.54,27.23,0.73,8.73,1.86
162391,12.80,-3.87,31.60,0.82,8.73,1.84
162426,11.56,-6.96,34.61,0.96,8.73,1.96
162461,9.37,-7.46,37.72,1.02,8.73,2.03
162496,5.42,-8.31,38.27,0.97,8.73,2.10
162531,2.08,-8.09,39.29,0.89,8.73,2.12
162567,-0.80,-6.97,37.54,0.85,8.73,2.06
162601,-4.30,-5.16,36.01,0.79,8.73,1.97
162636,-5.95,-5.75,33.98,0.81,8.73,1.92
162671,-6.50,-5.01,29.93,0.75,8.73,1.83
162711,-5.78,-3.21,26.15,0.73,8.73,1.74
162746,-4.36,-0.01,23.32,0.78,8.73,1.67
162781,0.11,-1.65,21.61,0.90,8.73,1.62
162817,4.46,-1.81,21.95,1.04,8.73,1.58
162851,7.44,-1.07,21.54,1.17,8.73,1.59
162886,10.75,-3.26,23.28,1.31,8.73,1.66
162921,13.14,-4.07,25.67,1.44,8.73,1.81
162956,13.88,-4.95,28.84,1.46,8.73,1.92
162991,13.43,-7.83,31.67,1.41,8.73,2.07
163027,11.27,-8.93,34.26,1.32,8.73,2.16
163061,8.51,-8.36,37.01,1.19,8.73,2.09
163096,5.30,-8.50,38.29,1.12,8.73,2.02
163131,2.13,-7.74,38.96,1.14,8.73,1.95
163166,-1.24,-6.99,37.26,1.18,8.73,1.92
163201,-3.69,-6.93,34.88,1.26,8.73,1.96
163236,-5.60,-6.00,31.27,1.14,8.73,2.00
163271,-5.15,-5.64,27.35,1.03,8.73,2.01
163306,-5.32,-5.61,24.33,0.98,8.73,1.97
163342,-5.94,-3.44,21.80,0.91,8.73,1.93
163376,-1.60,-3.43,20.56,0.91,8.73,1.84
163411,2.09,-2.81,19.85,0.93,8.73,1.73
163446,6.77,-2.62,20.13,0.96,8.73,1.69
163482,10.32,-4.37,21.22,1.00,8.73,1.75
163517,11.63,-4.92,24.39,1.06,8.73,1.76
163551,12.98,-5.80,27.60,0.98,8.73,1.78
163586,12.99,-6.61,30.94,0.97,8.73,1.72
163621,12.40,-5.91,33.91,0.98,8.73,1.69
163656,9.28,-5.95,36.65,1.03,8.73,1.68
163691,5.68,-6.19,37.22,1.08,8.73,1.67
163726,2.16,-6.78,37.85,1.10,8.73,1.79
163761,-0.90,-7.57,36.99,1.06,8.73,1.92
163796,-3.45,-7.47,34.36,0.89,8.73,1.98
163831,-5.15,-5.49,31.49,0.85,8.73,1.95
163866,-6.23,-4.75,28.19,0.83,8.73,1.90
163901,-7.07,-3.30,25.72,0.90,8.73,1.88
163936,-5.62,-2.76,22.19,0.91,8.73,1.93
163971,-2.50,-4.20,19.48,0.94,8.73,1.96
164006,1.01,-4.24,18.06,0.86,8.73,1.88
164041,5.62,-4.20,18.88,0.81,8.73,1.87
164076,8.84,-2.71,18.71,0.80,8.73,1.82
164111,11.07,-4.88,21.31,0.78,8.73,1.79
164146,12.70,-4.49,24.81,0.77,8.73,1.73
164181,13.09,-5.91,27.54,0.68,8.73,1.67
164216,12.82,-6.22,30.42,0.69,8.73,1.56
164251,10.27,-6.41,33.34,0.69,8.73,1.45
164286,8.25,-4.86,35.68,0.80,8.73,1.32
164322,4.16,-5.71,36.66,0.95,8.73,1.33
164356,0.90,-4.53,37.26,1.06,8.73,1.44
164391,-2.04,-6.33,35.64,1.04,8.73,1.59
164426,-4.56,-5.25,33.14,0.98,8.73,1.70
164461,-5.05,-4.23,29.12,0.98,8.73,1.73
164496,-6.77,-2.44,26.77,1.03,8.73,1.74
164531,-4.12,-3.51,23.02,1.14,8.73,1.86
164566,-2.51,-4.79,19.25,1.15,8.73,1.99
164601,0.53,-5.41,17.20,1.11,8.73,2.10
164636,2.75,-4.54,16.56,1.00,8.73,2.11
164671,4.85,-4.83,15.97,0.95,8.73,2.06
164706,8.19,-4.45,17.30,0.91,8.73,2.02
164746,11.39,-6.13,21.26,0.87,8.73,2.00
164782,12.83,-4.66,24.16,0.78,8.73,1.97
164816,13.17,-4.62,27.03,0.77,8.73,1.97
164851,12.22,-5.96,29.75,0.85,8.73,2.05
164886,9.35,-5.91,32.00,0.85,8.73,2.18
164920,7.29,-7.64,33.61,0.77,8.73,2.28
164955,3.71,-8.02,34.20,0.63,8.73,2.33
164990,0.01,-8.27,33.55,0.39,8.73,2.27
165025,-2.11,-4.14,31.91,0.30,8.73,2.01
165060,-5.10,-3.65,31.49,0.36,8.73,1.78
165095,-7.88,-3.83,31.00,0.53,8.73,1.62
165130,-9.44,-3.56,27.00,0.57,8.73,1.54
165165,-5.95,-0.08,22.82,0.68,8.73,1.43
165200,-2.82,-0.51,17.50,0.74,8.73,1.29
165235,-2.40,2.81,15.37,0.87,8.73,1.03
165270,-1.02,1.51,14.50,1.07,8.73,0.93
165305,2.30,0.51,16.83,1.34,8.73,1.06
165341,4.44,-1.47,16.80,1.38,8.73,1.49
165375,11.26,-6.93,22.13,1.37,8.73,1.78
165410,13.81,-6.03,25.19,1.22,8.73,1.93
165445,12.41,-6.94,27.71,1.12,8.73,2.03
165480,11.64,-8.13,30.69,1.16,8.73,2.13
165515,10.64,-8.53,33.44,1.14,8.73,2.30
165550,9.26,-9.69,35.16,0.99,8.73,2.37
165585,3.57,-9.99,36.81,0.82,8.73,2.49
165619,0.50,-8.97,35.70,0.57,8.73,2.44
165654,-2.35,-6.68,36.21,0.45,8.73,2.23
165688,-5.42,-5.68,34.00,0.46,8.73,1.97
165723,-5.72,-4.57,30.78,0.46,8.73,1.78
165758,-7.64,-4.03,27.52,0.48,8.73,1.59
165793,-5.72,-2.37,24.41,0.55,8.73,1.41
165829,-2.68,1.41,21.72,0.64,8.73,1.06
165863,0.36,5.21,19.63,0.89,8.73,0.64
165898,1.92,6.58,20.61,1.36,8.73,0.45
165933,7.04,7.47,20.42,1.89,8.73,0.56
165968,10.60,1.62,21.95,2.42,8.73,0.96
166003,11.41,-3.86,26.77,2.49,8.73,1.53
166038,13.86,-8.43,30.03,2.39,8.73,2.05
166073,12.94,-10.49,34.88,2.25,8.73,2.49
166108,10.28,-11.80,39.18,1.86,8.73,2.71
166143,6.97,-12.63,42.06,1.52,8.73,2.83
166178,2.90,-13.12,41.62,1.22,8.73,2.74
166213,0.11,-10.11,40.05,1.17,8.73,2.46
166248,-1.80,-9.33,35.15,1.15,8.73,2.32
166283,-2.92,-9.84,30.19,1.13,8.73,2.28
166318,-4.65,-7.62,26.72,1.02,8.73,2.24
166353,-4.77,-7.37,23.52,0.86,8.73,2.07
166388,-4.34,-4.83,19.83,0.66,8.73,1.80
166423,-1.66,-0.74,19.02,0.69,8.73,1.48
166458,1.44,0.92,17.73,0.84,8.73,1.20
166493,4.56,0.46,18.21,1.14,8.73,1.06
166528,8.27,-0.10,19.62,1.40,8.73,1.12
166563,11.01,-3.38,21.74,1.58,8.73,1.34
166598,12.76,-4.85,25.23,1.65,8.73,1.56
166633,12.65,-7.82,28.74,1.49,8.73,1.74
166668,11.49,-8.01,31.17,1.33,8.73,1.80
166703,9.61,-8.62,33.59,1.18,8.73,1.85
166738,7.46,-8.68,35.14,1.14,8.73,1.94
166778,3.35,-9.62,35.67,1.04,8.73,2.09
166813,-0.43,-9.91,34.74,0.85,8.73,2.23
166848,-3.10,-8.30,32.67,0.61,8.73,2.24
166883,-5.59,-7.48,31.25,0.39,8.73,2.13
166918,-6.85,-5.44,27.72,0.23,8.73,1.97
166953,-6.57,-0.61,25.65,0.15,8.73,1.70
166988,2.39,1.09,21.22,0.22,8.73,1.54
167023,-0.18,1.12,18.69,0.39,8.73,1.32
167058,0.14,1.89,18.57,0.58,8.73,1.23
167093,3.09,-0.25,18.56,0.78,8.73,1.28
167128,6.68,-0.79,16.97,0.93,8.73,1.32
167163,8.84,-1.72,19.10,1.08,8.73,1.38
167198,11.40,-4.27,22.34,1.20,8.73,1.46
167233,12.58,-5.36,26.25,1.21,8.73,1.52
167268,13.42,-5.09,28.93,1.25,8.73,1.59
167303,11.60,-7.17,30.93,1.30,8.73,1.71
167338,9.14,-7.39,32.68,1.25,8.73,1.77
167373,6.05,-7.46,33.43,1.17,8.73,1.77
167408,2.81,-7.39,34.32,1.13,8.73,1.79
167443,-0.38,-6.57,33.41,1.19,8.73,1.74
167478,-2.88,-6.43,31.17,1.19,8.73,1.77
167513,-5.19,-7.60,29.11,1.13,8.73,1.82
167548,-6.42,-6.26,26.23,1.03,8.73,1.86
167583,-7.51,-5.98,23.46,0.90,8.73,1.86
167618,-5.53,-4.66,20.99,0.83,8.73,1.86
167653,-5.45,-3.34,17.93,0.77,8.73,1.77
167688,-2.29,-2.81,16.84,0.78,8.73,1.72
167723,1.54,-2.68,15.25,0.78,8.73,1.73
167758,6.41,-3.97,15.07,0.80,8.73,1.75
167793,9.16,-4.60,17.01,0.76,8.73,1.82
167828,10.41,-5.01,19.55,0.73,8.73,1.82
167863,12.07,-4.59,21.80,0.81,8.73,1.78
167898,12.31,-5.20,24.84,0.90,8.73,1.81
167933,12.56,-5.68,28.29,1.02,8.73,1.93
167968,10.49,-6.02,31.18,1.08,8.73,2.12
168003,6.97,-8.74,32.70,1.07,8.73,2.40
168039,4.72,-7.00,34.65,0.87,8.73,2.56
168073,1.05,-10.05,35.05,0.54,8.73,2.61
168108,-2.55,-6.81,36.16,0.27,8.73,2.44
168143,-5.38,-4.23,34.57,0.26,8.73,2.20
168178,-5.38,-3.80,30.68,0.25,8.73,1.98
168213,-6.90,-2.84,27.90,0.36,8.73,1.83
168248,-6.11,-2.59,24.42,0.48,8.73,1.72
168283,-3.57,-1.84,20.13,0.63,8.73,1.70
168318,-2.14,-3.32,17.06,0.73,8.73,1.75
168353,3.08,-4.86,16.00,0.72,8.73,1.74
168388,5.43,-2.98,16.89,0.71,8.73,1.67
168423,7.37,-3.82,16.70,0.71,8.73,1.64
168458,9.40,-3.51,17.88,0.73,8.73,1.63
168493,11.07,-3.89,20.89,0.79,8.73,1.60
168528,12.43,-5.34,24.08,0.87,8.73,1.61
168563,12.69,-5.09,28.26,0.96,8.73,1.64
168598,11.14,-5.77,31.34,1.00,8.73,1.69
168633,8.68,-6.83,33.61,1.03,8.73,1.70
168668,5.37,-7.30,34.57,1.05,8.73,1.79
168703,2.20,-7.13,35.82,0.99,8.73,1.93
168738,-0.78,-6.40,35.45,0.98,8.73,1.96
168773,-4.54,-7.69,34.12,0.95,8.73,1.97
168813,-4.72,-5.52,28.58,0.91,8.73,1.96
168849,-5.56,-6.45,24.72,0.89,8.73,1.95
168884,-7.00,-4.61,21.96,0.87,8.73,1.95
168918,-6.30,-3.37,20.18,0.82,8.73,1.98
168953,-3.66,-4.24,17.77,0.80,8.73,1.98
168988,0.76,-4.20,16.54,0.74,8.73,1.95
169023,5.90,-2.99,17.91,0.69,8.73,1.86
169058,7.87,-2.84,15.64,0.73,8.73,1.76
169093,10.81,-3.05,20.25,0.79,8.73,1.66
169128,9.36,-4.37,20.12,0.78,8.73,1.67
169163,13.10,-5.65,25.49,0.85,8.73,1.64
169198,14.64,-5.36,29.98,0.75,8.73,1.58
169233,10.29,-4.76,31.23,0.69,8.73,1.44
169268,8.32,-5.32,34.22,0.80,8.73,1.32
169303,5.76,-4.33,35.65,0.95,8.73,1.26
169338,1.98,-5.30,35.71,1.07,8.73,1.32
169373,-1.08,-5.81,36.20,1.16,8.73,1.48
169408,-4.75,-5.83,34.42,1.22,8.73,1.55
169443,-5.75,-4.38,31.97,1.19,8.73,1.66
169478,-6.10,-4.93,27.72,1.19,8.73,1.73
169513,-5.76,-4.04,23.83,1.13,8.73,1.77
169548,-6.37,-2.06,21.39,1.13,8.73,1.80
169583,-3.82,-3.68,19.08,1.11,8.73,1.82
169618,0.64,-1.98,18.13,1.10,8.73,1.81
169653,5.36,-1.51,18.09,1.13,8.73,1.77
169688,7.85,-3.52,18.35,1.16,8.73,1.82
169723,9.92,-6.39,19.82,1.09,8.73,1.90
169758,12.00,-5.93,22.71,0.94,8.73,1.94
169793,12.75,-6.47,25.76,0.85,8.73,1.93
169828,12.76,-6.23,29.44,0.79,8.73,1.86
169863,11.09,-5.59,32.98,0.76,8.73,1.85
169898,7.49,-6.48,34.21,0.80,8.73,1.88
169933,4.94,-7.41,35.76,0.82,8.73,1.99
169968,2.05,-7.24,36.86,0.64,8.73,2.15
170003,-1.84,-7.27,36.22,0.40,8.73,2.17
170038,-3.77,-4.21,34.90,0.33,8.73,2.01
170073,-5.17,-3.42,31.26,0.29,8.73,1.87
170108,-6.85,-2.49,27.70,0.36,8.73,1.69
170143,-6.60,-1.27,24.64,0.50,8.73,1.59
170178,-3.63,0.26,21.75,0.67,8.73,1.58
170213,0.19,-3.05,19.45,0.81,8.73,1.64
170248,-1.10,-1.81,17.69,0.87,8.73,1.65
170283,3.27,-0.58,18.51,0.98,8.73,1.60
170318,9.11,-0.85,20.53,1.13,8.73,1.54
170353,12.29,-2.68,23.09,1.28,8.73,1.58
170388,14.06,-3.41,25.02,1.37,8.73,1.65
170423,13.12,-5.96,27.91,1.28,8.73,1.75
170458,12.63,-7.62,30.74,1.19,8.73,1.72
170493,10.42,-7.38,33.45,1.06,8.73,1.55
170528,8.75,-6.84,35.24,1.06,8.73,1.32
170563,4.29,-6.01,36.43,1.24,8.73,1.16
170598,0.85,-4.83,37.28,1.47,8.73,1.22
170633,-1.72,-7.53,35.47,1.59,8.73,1.44
170668,-5.51,-5.61,33.71,1.55,8.73,1.64
170703,-5.63,-6.76,29.88,1.51,8.73,1.85
170738,-5.31,-6.08,26.15,1.36,8.73,1.93
170773,-4.89,-4.79,23.43,1.15,8.73,1.95
170809,-3.85,-3.04,20.86,1.03,8.73,1.89
170848,0.00,-1.54,19.21,0.99,8.73,1.74
170883,3.53,-3.33,18.46,0.98,8.73,1.74
170918,7.97,-3.56,19.10,0.97,8.73,1.79
170953,11.10,-4.56,20.64,0.95,8.73,1.80
170988,13.32,-4.86,22.99,0.94,8.73,1.81
171023,13.04,-5.41,25.15,0.87,8.73,1.76
171058,12.42,-4.66,27.93,0.84,8.73,1.71
171093,11.25,-5.92,31.05,0.82,8.73,1.65
171129,8.94,-4.56,33.79,0.82,8.73,1.55
171163,5.73,-5.05,35.31,0.92,8.73,1.55
171199,3.05,-5.15,37.25,0.99,8.73,1.65
171233,-0.37,-5.86,37.28,0.99,8.73,1.71
171268,-2.90,-6.18,34.16,0.87,8.73,1.81
171303,-5.21,-4.58,31.14,0.87,8.73,1.79
171338,-6.08,-2.87,28.72,0.86,8.73,1.75
171373,-6.88,-3.04,24.93,0.88,8.73,1.71
171409,-6.00,-1.88,22.61,0.91,8.73,1.75
171443,-3.33,-2.63,20.25,0.96,8.73,1.78
171478,-0.81,-2.86,19.11,0.96,8.73,1.84
171514,3.98,-4.86,19.00,0.92,8.73,1.98
171549,8.70,-4.20,19.45,0.82,8.73,2.00
171583,11.88,-6.68,20.68,0.74,8.73,1.98
171618,12.54,-6.12,23.81,0.64,8.73,1.88
171653,13.24,-7.23,26.21,0.46,8.73,1.77
171688,12.41,-5.90,30.23,0.45,8.73,1.58
171723,11.59,-5.03,33.48,0.49,8.73,1.47
171758,8.14,-4.46,35.33,0.70,8.73,1.52
171793,5.30,-5.48,37.03,0.81,8.73,1.71
171828,1.36,-6.50,37.66,0.74,8.73,1.88
171863,-1.75,-5.97,37.89,0.64,8.73,1.93
171898,-4.14,-5.44,34.90,0.63,8.73,1.92
171933,-5.60,-1.89,32.26,0.67,8.73,1.83
171968,-6.23,-2.78,28.07,0.76,8.73,1.78
172003,-2.95,-1.46,24.14,0.87,8.73,1.76
172038,-2.39,-2.87,20.41,0.93,8.73,1.81
172073,-2.28,-3.51,18.66,0.98,8.73,1.90
172108,0.08,-4.71,17.88,0.92,8.73,2.00
172143,4.07,-3.86,18.63,0.89,8.73,2.02
172178,9.06,-3.14,20.26,0.91,8.73,1.96
172213,12.59,-3.34,23.50,1.05,8.73,1.89
172248,14.44,-3.85,26.61,1.16,8.73,1.89
172283,12.81,-4.07,30.31,1.15,8.73,2.00
172318,11.21,-8.02,32.08,1.15,8.73,2.06
172352,9.61,-6.88,34.14,1.06,8.73,2.09
172387,6.30,-7.94,36.06,0.93,8.73,2.07
172422,3.74,-7.86,37.74,0.90,8.73,2.08
172457,0.05,-6.17,38.82,0.86,8.73,2.03
172492,-3.42,-6.80,36.66,0.87,8.73,2.01
172527,-5.79,-5.56,33.44,0.88,8.73,1.97
172562,-3.85,-4.93,27.67,0.93,8.73,1.95
172597,-6.19,-5.06,24.43,0.92,8.73,1.97
172632,-6.17,-3.38,23.10,0.91,8.73,1.99
172667,-3.30,-4.07,20.01,0.92,8.73,2.06
172702,1.11,-5.46,18.81,0.85,8.73,2.13
172738,3.17,-4.53,18.87,0.76,8.73,2.15
172772,7.78,-5.08,19.59,0.76,8.73,2.09
172807,10.88,-4.82,21.36,0.68,8.73,2.00
172842,12.50,-6.27,24.78,0.70,8.73,1.90
172882,13.41,-6.39,28.62,0.69,8.73,1.79
172917,11.92,-5.87,31.79,0.72,8.73,1.68
172952,9.60,-6.19,34.24,0.75,8.73,1.59
172987,8.26,-4.98,38.74,0.87,8.73,1.50
173022,4.18,-5.53,38.68,0.94,8.73,1.50
173057,0.10,-6.96,38.68,1.09,8.73,1.58
173092,-2.64,-4.15,36.38,1.10,8.73,1.66
173127,-5.18,-5.07,33.49,1.06,8.73,1.73
173162,-5.43,-3.69,30.18,1.04,8.73,1.76
173197,-7.61,-4.54,26.52,0.99,8.73,1.76
173232,-5.29,-2.07,24.08,0.95,8.73,1.71
173267,-4.30,-2.81,20.88,0.93,8.73,1.67
173302,0.95,-1.67,20.47,1.02,8.73,1.63
173337,1.75,0.79,19.97,1.07,8.73,1.69
173372,7.89,-3.90,20.32,1.16,8.73,1.75
173407,12.21,-2.60,21.43,1.19,8.73,1.82
173442,12.61,-3.84,24.31,1.08,8.73,1.92
173477,12.81,-5.15,26.86,1.12,8.73,1.98
173513,11.96,-6.19,30.65,1.18,8.73,2.06
173547,11.16,-7.28,33.62,1.19,8.73,2.10
173582,9.03,-7.09,37.37,1.09,8.73,2.12
173617,4.80,-7.62,36.76,1.05,8.73,2.07
173652,2.37,-6.16,36.84,0.99,8.73,1.98
173687,-2.10,-7.02,38.15,1.06,8.73,1.91
173722,-4.39,-4.78,35.81,1.20,8.73,1.86
173757,-4.84,-6.09,31.68,1.36,8.73,1.92
173793,-7.69,-6.87,27.68,1.36,8.73,2.01
173828,-7.12,-6.61,25.12,1.22,8.73,2.11
173862,-4.89,-4.98,22.20,1.08,8.73,2.07
173897,-1.81,-3.17,19.93,0.93,8.73,1.92
173932,-0.20,-2.90,18.84,0.91,8.73,1.81
173967,3.11,-1.92,19.52,0.96,8.73,1.75
174002,8.67,-5.43,19.40,0.87,8.73,1.84
174037,11.26,-6.22,24.04,0.73,8.73,1.85
174072,13.32,-5.78,26.94,0.61,8.73,1.76
174107,13.86,-7.04,29.67,0.55,8.73,1.61
174142,12.28,-5.28,32.55,0.56,8.73,1.44
174177,9.37,-5.32,35.38,0.68,8.73,1.35
174212,6.58,-5.32,37.04,0.86,8.73,1.38
174246,3.12,-5.22,38.48,0.97,8.73,1.52
174281,-0.35,-7.22,38.32,0.93,8.73,1.77
174317,-2.35,-4.36,35.26,0.78,8.73,1.87
174351,-4.35,-2.15,32.04,0.57,8.73,1.84
174387,-5.88,-2.41,29.78,0.54,8.73,1.74
174422,-7.02,-0.40,27.99,0.68,8.73,1.62
174456,-5.20,-1.22,24.32,0.74,8.73,1.66
174491,-3.42,-1.96,21.33,0.94,8.73,1.76
174526,-0.61,-2.49,19.38,0.95,8.73,1.85
174561,4.85,-4.51,19.97,0.89,8.73,2.00
174596,8.53,-6.15,20.37,0.80,8.73,2.02
174631,10.90,-5.48,21.89,0.68,8.73,1.95
174666,12.82,-6.07,24.85,0.67,8.73,1.90
174701,11.49,-3.54,28.94,0.65,8.73,1.80
174736,12.52,-5.62,31.97,0.74,8.73,1.78
174771,10.54,-5.53,35.40,0.86,8.73,1.81
174806,8.28,-6.23,38.04,0.86,8.73,1.79
174841,4.49,-6.78,39.23,0.90,8.73,1.81
174876,1.11,-5.37,38.91,1.01,8.73,1.74
174916,-2.69,-4.99,38.39,1.21,8.73,1.72
174951,-4.89,-5.68,34.56,1.33,8.73,1.77
174986,-6.84,-6.83,31.91,1.42,8.73,1.94
175021,-6.40,-7.65,27.90,1.42,8.73,2.06
175056,-5.15,-5.33,23.90,1.21,8.73,2.13
175091,-1.06,-5.76,21.61,1.14,8.73,2.13
175126,2.97,-3.91,20.70,1.09,8.73,2.06
175161,6.03,-3.15,20.17,1.06,8.73,2.05
175196,8.54,-4.80,20.62,1.05,8.73,2.09
175231,11.20,-3.28,24.04,1.14,8.73,2.06
175266,13.34,-4.09,26.57,1.20,8.73,2.08
175302,13.45,-5.37,29.83,1.28,8.73,2.18
175337,12.91,-6.00,32.50,1.31,8.73,2.31
175372,9.90,-7.95,34.36,1.11,8.73,2.40
175407,7.66,-7.88,36.93,0.99,8.73,2.41
175441,4.14,-7.19,38.93,0.84,8.73,2.26
175476,0.41,-8.28,39.63,0.73,8.73,2.18
175511,-2.77,-4.38,38.17,0.74,8.73,2.09
175546,-4.55,-5.01,34.63,0.77,8.73,1.99
175580,-6.60,-4.24,31.49,0.86,8.73,1.95
175616,-6.67,-3.87,27.96,0.91,8.73,1.93
175651,-4.28,-4.47,23.87,0.95,8.73,2.05
175685,-1.42,-6.32,20.47,0.99,8.73,2.14
175720,1.74,-4.47,20.47,0.90,8.73,2.13
175755,5.26,-4.85,20.34,0.85,8.73,2.09
175790,8.26,-4.71,20.52,0.86,8.73,2.03
175825,10.69,-4.72,22.19,0.84,8.73,1.96
175860,11.91,-4.89,25.33,0.89,8.73,1.95
175895,12.93,-5.29,28.49,0.91,8.73,1.90
175930,12.57,-6.72,31.74,0.93,8.73,1.94
175965,10.64,-7.36,35.43,0.96,8.73,1.89
176000,8.68,-6.41,37.82,0.92,8.73,1.85
176035,4.43,-7.41,38.65,0.96,8.73,1.83
176070,1.09,-5.46,39.15,1.08,8.73,1.71
176105,-2.83,-7.11,36.85,1.14,8.73,1.71
176140,-4.34,-6.36,33.92,1.26,8.73,1.75
176175,-5.91,-5.13,30.99,1.20,8.73,1.82
176210,-8.40,-5.42,28.06,1.16,8.73,1.86
176245,-6.46,-3.27,25.40,1.11,8.73,1.86
176280,-2.83,-3.08,22.15,1.03,8.73,1.81
176316,0.62,-2.13,20.41,1.10,8.73,1.70
176350,3.59,0.04,20.45,1.15,8.73,1.67
176385,6.11,-2.01,19.85,1.25,8.73,1.73
176420,9.70,-2.43,22.80,1.42,8.73,1.83
176455,12.54,-3.78,25.51,1.48,8.73,1.96
176490,12.63,-7.66,27.70,1.57,8.73,2.20
176526,12.16,-7.71,32.20,1.48,8.73,2.35
176560,11.05,-7.64,36.87,1.26,8.73,2.50
176595,8.69,-10.82,38.19,1.07,8.73,2.55
176630,4.40,-9.34,38.93,0.92,8.73,2.42
176665,0.81,-7.69,40.52,0.83,8.73,2.26
176700,-1.34,-7.35,36.92,0.89,8.73,2.09
176735,-6.05,-5.61,36.50,0.98,8.73,2.00
176770,-5.42,-5.49,31.65,1.01,8.73,1.97
176805,-5.36,-6.87,27.81,0.99,8.73,1.97
176841,-3.63,-3.96,24.76,0.98,8.73,1.92
176875,-2.16,-3.96,20.99,0.93,8.73,1.89
176910,2.84,-3.25,21.01,0.99,8.73,1.85
176950,5.41,-2.09,21.19,1.09,8.73,1.71
176985,8.54,-3.40,21.68,1.19,8.73,1.74
177020,10.50,-4.43,23.37,1.28,8.73,1.82
177055,11.94,-5.65,27.47,1.34,8.73,1.91
177090,14.54,-7.23,29.99,1.35,8.73,2.01
177125,12.09,-6.01,33.69,1.33,8.73,2.14
177160,10.01,-8.22,35.79,1.25,8.73,2.28
177195,7.78,-9.38,37.89,1.16,8.73,2.47
177230,4.32,-9.28,38.87,0.91,8.73,2.62
177265,0.01,-9.09,39.56,0.70,8.73,2.61
177300,-1.98,-8.30,36.50,0.61,8.73,2.48
177336,-5.66,-5.60,35.10,0.65,8.73,2.29
177371,-4.78,-5.49,30.52,0.69,8.73,2.21
177405,-5.60,-5.74,26.86,0.79,8.73,2.16
177440,-6.07,-5.58,24.61,0.84,8.73,2.26
177475,-4.43,-7.64,21.17,0.83,8.73,2.34
177510,0.86,-7.06,20.00,0.74,8.73,2.38
177545,6.79,-6.10,20.33,0.64,8.73,2.29
177580,9.62,-5.43,21.13,0.60,8.73,2.15
177615,11.51,-4.38,23.85,0.64,8.73,2.01
177650,12.89,-3.91,27.72,0.86,8.73,1.88
177685,12.71,-4.54,30.19,0.98,8.73,1.89
177720,12.42,-8.40,33.04,1.10,8.73,1.96
177755,9.65,-6.07,36.09,1.06,8.73,2.01
177790,7.15,-8.27,38.00,0.97,8.73,2.04
177825,3.63,-7.43,38.48,0.94,8.73,1.98
177860,-0.08,-5.79,39.41,0.98,8.73,1.89
177895,-2.90,-7.43,35.81,1.03,8.73,1.88
177930,-5.18,-5.30,33.36,0.98,8.73,1.90
177965,-7.52,-5.83,31.67,1.00,8.73,1.94
178000,-7.78,-6.16,27.73,0.97,8.73,1.95
178035,-4.07,-3.69,25.16,0.98,8.73,2.00
178070,-1.33,-4.25,21.14,0.96,8.73,1.97
178105,2.20,-4.30,19.91,0.97,8.73,1.91
178140,5.70,-2.19,20.72,0.98,8.73,1.86
178175,8.87,-2.77,21.00,1.07,8.73,1.84
178210,11.51,-2.83,22.59,1.20,8.73,1.87
178245,12.57,-4.46,26.54,1.26,8.73,1.92
178280,12.66,-6.00,30.21,1.28,8.73,2.01
178315,12.77,-7.26,32.85,1.28,8.73,2.10
178350,10.13,-8.79,35.30,1.15,8.73,2.12
178385,8.16,-7.45,37.31,1.09,8.73,2.06
178420,3.79,-7.55,38.50,1.00,8.73,1.97
178455,0.41,-7.88,39.08,0.96,8.73,2.00
178490,-2.31,-5.02,37.07,0.97,8.73,2.00
178524,-4.99,-5.54,33.89,0.94,8.73,1.95
178559,-5.85,-4.53,30.84,0.95,8.73,1.91
178594,-6.57,-3.42,28.58,0.88,8.73,1.85
178629,-4.59,-5.06,24.97,0.89,8.73,1.87
178664,-4.29,-1.66,21.91,0.90,8.73,1.81
178699,0.85,-1.77,20.32,0.93,8.73,1.75
178734,5.70,-2.48,20.50,0.97,8.73,1.75
178769,8.59,-3.39,20.42,1.05,8.73,1.75
178803,10.97,-3.52,22.46,1.09,8.73,1.77
178838,12.16,-5.35,25.86,1.15,8.73,1.83
178873,13.07,-5.77,28.91,1.12,8.73,1.84
178908,12.41,-8.06,32.34,1.07,8.73,1.87
178944,10.73,-6.52,36.34,1.04,8.73,1.86
178983,7.15,-7.06,38.23,1.06,8.73,1.88
179018,4.19,-7.23,39.35,1.11,8.73,1.87
179053,0.10,-7.87,38.86,1.11,8.73,1.96
179087,-2.90,-6.02,37.43,1.16,8.73,1.98
179122,-5.51,-5.94,35.09,1.12,8.73,2.00
179158,-6.21,-6.31,31.38,1.11,8.73,2.07
179192,-6.59,-4.99,27.60,1.05,8.73,2.08
179227,-4.49,-7.10,23.31,1.01,8.73,2.20
179262,-2.83,-4.78,20.46,0.98,8.73,2.30
179297,0.86,-4.83,18.88,0.83,8.73,2.26
179333,4.91,-5.34,19.52,0.75,8.73,2.16
179367,7.01,-3.74,19.13,0.75,8.73,2.01
179402,10.71,-2.02,22.79,0.81,8.73,1.90
179436,12.92,-4.79,26.41,0.95,8.73,1.85
179472,13.25,-6.31,28.93,0.84,8.73,1.80
179507,12.16,-8.19,31.70,0.71,8.73,1.69
179541,10.82,-5.84,35.63,0.68,8.73,1.46
179576,8.51,-4.86,38.59,0.77,8.73,1.35
179611,4.68,-6.58,39.94,0.95,8.73,1.41
179647,0.55,-6.00,40.05,1.00,8.73,1.64
179681,-2.07,-6.92,37.15,0.86,8.73,1.80
179715,-4.54,-4.07,33.97,0.78,8.73,1.83
179750,-6.17,-2.32,32.03,0.82,8.73,1.79
179785,-6.26,-3.73,27.80,0.86,8.73,1.74
179820,-3.68,-0.06,25.16,0.94,8.73,1.75
179855,-3.24,-4.07,21.33,1.04,8.73,1.84
179890,0.89,-3.39,20.08,1.06,8.73,1.89
179925,4.24,-3.08,20.44,1.01,8.73,1.88
179960,6.94,-4.25,19.60,0.97,8.73,1.92
179995,9.61,-4.43,21.51,0.97,8.73,1.95
180029,11.62,-4.98,24.97,0.94,8.73,1.92
180064,12.76,-5.81,28.70,0.94,8.73,1.91
180099,13.10,-5.82,31.99,0.93,8.73,1.89
180134,11.46,-7.24,34.96,0.88,8.73,1.87
180169,8.90,-6.84,38.00,0.94,8.73,1.87
180204,5.71,-4.96,39.60,0.92,8.73,1.74
180239,1.39,-7.53,38.98,0.91,8.73,1.79
180274,-1.67,-5.47,36.75,0.87,8.73,1.84
180309,-4.53,-5.83,34.17,0.69,8.73,1.86
180344,-6.46,-3.20,31.40,0.46,8.73,1.80
180378,-5.71,-1.24,27.86,0.28,8.73,1.61
180413,-2.79,-1.28,24.34,0.49,8.73,1.54
180448,-1.00,-1.04,21.36,0.64,8.73,1.63
180483,-0.44,-2.50,19.29,0.79,8.73,1.81
180519,2.21,-4.00,19.60,0.79,8.73,1.92
180553,6.32,-4.61,18.33,0.71,8.73,1.91
180588,8.48,-4.88,19.47,0.65,8.73,1.89
180623,11.58,-5.33,23.09,0.56,8.73,1.82
180658,12.96,-5.70,27.04,0.51,8.73,1.70
180693,13.12,-4.96,30.61,0.49,8.73,1.54
180728,11.73,-6.05,33.71,0.57,8.73,1.41
180763,9.60,-4.41,36.94,0.73,8.73,1.32
180798,6.32,-5.02,38.34,0.85,8.73,1.33
180833,2.78,-5.83,39.16,1.03,8.73,1.44
180869,-0.26,-4.82,38.88,1.04,8.73,1.57
180903,-4.51,-6.56,37.00,0.99,8.73,1.70
180938,-5.92,-3.43,34.12,0.90,8.73,1.73
180973,-5.25,-3.73,29.80,0.88,8.73,1.73
181013,-6.01,-1.69,26.21,0.90,8.73,1.76
181048,-3.85,-4.23,22.26,1.02,8.73,1.89
181083,0.49,-4.16,20.50,1.01,8.73,1.95
181118,3.50,-4.60,18.81,0.91,8.73,2.10
181153,6.84,-5.62,18.70,0.83,8.73,2.13
181188,9.67,-4.36,20.76,0.75,8.73,2.09
181223,11.37,-6.28,22.44,0.71,8.73,2.03
181258,12.10,-3.68,26.01,0.73,8.73,1.97
181293,12.56,-5.25,29.24,0.82,8.73,2.00
181329,11.54,-6.73,33.06,0.92,8.73,2.07
181363,8.99,-6.60,36.17,0.87,8.73,2.14
181398,6.19,-8.38,37.33,0.81,8.73,2.22
181433,2.45,-8.28,37.40,0.71,8.73,2.22
181467,0.29,-6.54,37.18,0.53,8.73,2.15
181502,-2.63,-4.60,35.26,0.48,8.73,2.02
181537,-6.80,-3.46,34.56,0.39,8.73,1.88
181572,-6.87,-2.78,31.39,0.47,8.73,1.75
181608,-7.32,-2.26,28.12,0.60,8.73,1.74
181643,-6.66,-3.31,24.95,0.86,8.73,1.88
181677,-2.45,-3.65,21.85,0.90,8.73,1.96
181712,3.07,-6.49,19.33,0.83,8.73,2.10
181747,7.18,-7.15,18.28,0.72,8.73,2.16
181782,9.19,-5.52,19.24,0.58,8.73,2.12
181817,10.87,-6.28,21.76,0.58,8.73,2.02
181852,12.10,-4.28,24.69,0.58,8.73,1.90
181887,12.56,-5.36,28.00,0.66,8.73,1.88
181922,12.44,-4.76,32.19,0.81,8.73,1.90
181957,10.82,-6.70,35.04,0.84,8.73,2.00
181992,8.24,-7.02,37.47,0.86,8.73,1.98
182027,4.36,-6.79,38.31,0.80,8.73,2.06
182062,0.88,-8.09,37.44,0.80,8.73,2.06
182097,-1.84,-4.71,36.03,0.73,8.73,1.99
182132,-5.26,-5.63,34.46,0.76,8.73,1.92
182167,-6.46,-4.04,31.45,0.79,8.73,1.85
182202,-5.85,-4.11,27.47,0.87,8.73,1.89
182237,-4.24,-4.68,24.01,0.95,8.73,1.89
182272,-2.26,-2.26,21.22,0.96,8.73,1.85
182307,0.14,-2.72,18.96,0.96,8.73,1.83
182343,4.70,-2.72,19.92,1.00,8.73,1.78
182377,7.65,0.74,19.86,1.14,8.73,1.60
182412,9.21,-0.70,21.36,1.39,8.73,1.58
182447,11.34,-1.81,23.22,1.42,8.73,1.72
182482,12.26,-6.84,27.11,1.41,8.73,1.89
182517,12.32,-7.69,31.14,1.24,8.73,1.90
182552,11.67,-7.64,35.43,1.08,8.73,1.89
182587,8.69,-7.93,38.12,1.07,8.73,1.84
182622,5.13,-5.99,37.51,1.08,8.73,1.72
182657,1.14,-7.50,38.19,1.12,8.73,1.70
182692,-1.38,-6.00,36.92,1.15,8.73,1.83
182727,-4.60,-7.04,34.45,1.07,8.73,1.93
182762,-5.54,-5.08,30.95,1.02,8.73,1.98
182797,-5.35,-4.62,27.40,0.95,8.73,1.96
182833,-4.68,-4.63,24.88,0.93,8.73,2.00
182867,-3.64,-4.31,22.35,0.95,8.73,2.03
182902,-0.55,-3.21,19.35,0.92,8.73,2.05
182937,2.11,-5.07,19.15,0.89,8.73,2.02
182972,6.32,-3.78,19.56,0.87,8.73,1.98
183007,9.33,-5.07,22.36,0.86,8.73,1.92
183048,11.69,-5.77,24.59,0.88,8.73,1.86
183083,13.06,-5.78,28.68,0.88,8.73,1.83
183117,13.55,-5.37,32.38,0.94,8.73,1.80
183152,11.90,-7.07,35.25,0.92,8.73,1.76
183187,8.68,-6.47,37.67,0.97,8.73,1.71
183222,5.14,-5.99,38.43,1.05,8.73,1.66
183257,1.44,-5.64,37.62,1.10,8.73,1.67
183292,-2.23,-4.81,37.01,1.18,8.73,1.68
183328,-5.09,-6.48,35.45,1.21,8.73,1.75
183362,-5.10,-6.09,31.46,1.23,8.73,1.84
183397,-5.43,-4.54,27.96,1.11,8.73,1.90
183432,-5.80,-4.85,25.20,1.11,8.73,1.93
183467,-3.15,-2.39,22.30,1.07,8.73,1.96
183502,-0.97,-3.09,19.21,1.04,8.73,1.91
183537,3.12,-3.12,19.94,1.08,8.73,1.90
183572,6.03,-1.75,19.71,1.12,8.73,1.87
183607,8.95,-4.24,21.20,1.21,8.73,1.91
183642,11.10,-3.55,25.36,1.24,8.73,1.99
183677,12.53,-4.25,28.29,1.26,8.73,2.11
183712,13.19,-8.33,31.87,1.24,8.73,2.19
183747,12.13,-7.73,35.59,1.17,8.73,2.24
183782,8.66,-8.36,37.49,1.05,8.73,2.24
183818,5.33,-8.25,38.58,0.96,8.73,2.14
183852,2.23,-6.59,38.57,0.96,8.73,2.03
183887,-1.67,-6.93,37.83,0.99,8.73,1.95
183923,-3.51,-5.02,35.85,1.11,8.73,1.92
183957,-5.51,-5.79,32.14,1.11,8.73,1.93
183993,-5.41,-6.78,28.20,1.08,8.73,2.01
184027,-5.27,-3.57,25.98,1.11,8.73,2.06
184063,-3.60,-5.76,22.52,1.01,8.73,2.08
184097,0.01,-5.43,20.85,0.96,8.73,2.07
184133,3.20,-4.66,20.12,0.91,8.73,2.06
184167,6.29,-3.18,19.98,0.88,8.73,1.94
184202,9.71,-5.52,20.71,0.88,8.73,1.94
184237,10.70,-4.37,24.59,0.87,8.73,1.89
184272,12.86,-5.53,27.28,0.91,8.73,1.90
184307,13.09,-6.40,31.01,0.98,8.73,1.90
184342,12.05,-6.15,35.11,0.96,8.73,1.89
184377,10.05,-7.81,38.32,0.94,8.73,1.84
184413,5.61,-7.05,38.40,0.99,8.73,1.80
184447,2.45,-5.40,38.46,0.96,8.73,1.85
184482,-0.87,-7.26,37.21,0.98,8.73,1.89
184517,-4.12,-4.47,36.74,0.94,8.73,1.90
184552,-4.02,-5.51,32.47,0.94,8.73,1.94
184587,-4.56,-3.85,28.40,0.96,8.73,1.91
184622,-6.56,-1.37,27.15,1.03,8.73,1.95
184657,-3.61,-4.02,23.38,1.05,8.73,1.98
184692,-0.81,-3.86,20.27,1.12,8.73,2.03
184727,4.47,-3.46,20.48,1.03,8.73,1.97
184762,7.86,-4.95,19.52,1.01,8.73,1.91
184797,9.80,-3.06,20.63,1.03,8.73,1.90
184832,10.89,-5.86,23.03,1.04,8.73,1.90
184867,11.47,-4.87,25.41,1.01,8.73,1.92
184902,12.68,-5.97,29.44,0.93,8.73,1.97
184937,11.76,-7.24,33.79,0.94,8.73,2.02
184972,9.42,-6.28,36.84,0.92,8.73,2.02
185007,6.24,-6.65,38.38,0.86,8.73,2.02
185042,2.32,-8.67,38.29,0.84,8.73,2.08
185082,-1.17,-7.05,36.84,0.81,8.73,2.01
185117,-2.89,-5.49,34.69,0.81,8.73,1.98
185152,-5.14,-5.31,32.79,0.82,8.73,1.97
185187,-7.93,-4.55,30.47,0.93,8.73,1.96
185222,-5.33,-3.80,26.48,0.91,8.73,1.96
185257,-4.69,-5.23,21.82,0.96,8.73,2.07
185293,-0.37,-4.66,20.63,0.96,8.73,2.08
185328,3.33,-3.94,19.42,0.87,8.73,2.06
185363,7.00,-5.17,18.86,0.85,8.73,1.99
185397,9.97,-3.85,19.81,0.81,8.73,1.95
185432,11.70,-4.02,22.01,0.92,8.73,1.88
185467,13.09,-2.84,26.44,1.08,8.73,1.85
185502,12.46,-6.41,29.23,1.14,8.73,1.96
185537,11.45,-5.74,32.66,1.16,8.73,2.02
185572,8.71,-7.73,35.20,1.07,8.73,2.03
185608,6.35,-7.62,37.27,1.01,8.73,2.03
185642,3.01,-6.32,39.17,0.90,8.73,1.97
185677,-0.02,-7.80,37.26,0.94,8.73,1.92
185712,-3.87,-5.70,37.58,0.91,8.73,1.93
185747,-5.65,-5.68,34.46,0.93,8.73,1.95
185782,-6.77,-5.33,29.95,0.99,8.73,1.97
185817,-4.95,-3.20,25.85,0.96,8.73,1.97
185852,-3.16,-6.45,21.50,0.95,8.73,2.03
185887,-1.16,-3.87,20.47,0.92,8.73,2.05
185922,2.34,-5.40,18.94,0.87,8.73,2.07
185957,5.82,-6.05,18.79,0.83,8.73,2.08
185992,6.13,-4.18,18.81,0.73,8.73,2.08
186027,10.14,-6.32,23.53,0.66,8.73,2.04
186062,13.24,-5.51,27.06,0.65,8.73,1.94
186097,13.06,-5.89,30.35,0.71,8.73,1.85
186132,11.79,-8.14,32.72,0.77,8.73,1.81
186167,10.25,-5.10,36.34,0.83,8.73,1.75
186202,6.58,-6.16,36.57,0.86,8.73,1.81
186237,3.38,-6.58,38.04,0.91,8.73,1.81
186272,-0.34,-6.00,39.39,0.85,8.73,1.83
186307,-2.97,-6.42,35.81,0.92,8.73,1.80
186343,-6.03,-3.81,34.26,0.86,8.73,1.79
186377,-6.33,-4.35,30.36,0.93,8.73,1.78
186412,-6.41,-3.42,26.32,1.01,8.73,1.78
186447,-5.15,-2.58,23.29,0.96,8.73,1.77
186482,-1.52,-2.02,20.81,0.99,8.73,1.68
186517,-0.57,0.54,19.98,1.01,8.73,1.53
186552,3.91,2.32,22.14,1.19,8.73,1.45
186587,9.16,1.45,21.89,1.47,8.73,1.42
186622,10.42,-4.19,21.40,1.49,8.73,1.63
186657,12.00,-8.18,25.37,1.34,8.73,1.86
186692,13.63,-7.86,29.27,1.06,8.73,1.87
186727,13.29,-7.00,32.98,0.89,8.73,1.79
186762,10.21,-6.93,35.80,0.91,8.73,1.70
186797,8.38,-6.19,37.90,1.01,8.73,1.73
186832,4.25,-6.78,38.74,1.01,8.73,1.85
186867,0.80,-7.48,38.52,1.02,8.73,1.95
186902,-1.99,-5.36,37.75,0.89,8.73,2.01
186937,-5.40,-6.28,35.43,0.95,8.73,1.98
186972,-7.37,-5.09,31.67,1.03,8.73,1.96
187007,-4.67,-3.98,27.58,1.06,8.73,1.96
187042,-3.78,-5.62,23.63,1.04,8.73,2.04
187077,-1.98,-4.31,21.76,1.06,8.73,2.10
187117,1.88,-4.30,19.70,1.01,8.73,2.02
187152,4.84,-3.25,21.56,1.04,8.73,1.89
187187,7.12,-3.20,22.55,1.04,8.73,1.89
187222,10.25,-4.74,23.48,1.14,8.73,1.91
187257,13.84,-6.58,27.77,1.13,8.73,1.94
187292,13.27,-5.50,32.53,1.14,8.73,1.94
187328,12.97,-8.28,34.37,1.10,8.73,1.93
187362,10.01,-7.41,36.42,1.02,8.73,1.81
187397,6.24,-6.27,37.47,1.00,8.73,1.75
187432,3.47,-6.46,38.98,1.00,8.73,1.83
187467,0.33,-6.69,38.43,1.07,8.73,1.83
187502,-3.66,-7.68,36.90,0.97,8.73,1.89
187537,-7.20,-6.56,35.89,0.94,8.73,1.94
187573,-7.37,-5.52,31.27,0.88,8.73,1.93
187607,-6.84,-3.87,28.11,0.86,8.73,1.91
187642,-2.57,-3.84,23.38,0.86,8.73,1.92
187677,0.70,-2.90,20.04,0.86,8.73,1.89
187712,2.37,-2.95,18.77,0.85,8.73,1.86
187747,0.93,-3.20,18.27,0.86,8.73,1.96
187782,4.51,-3.45,20.28,0.80,8.73,1.97
187817,9.51,-6.17,25.07,0.84,8.73,1.96
187852,15.15,-7.77,28.65,0.72,8.73,1.84
187887,15.15,-3.30,32.61,0.65,8.73,1.75
187922,13.16,-5.29,33.76,0.78,8.73,1.73
187957,9.91,-6.40,34.73,0.83,8.73,1.63
187992,6.95,-5.48,36.08,0.87,8.73,1.54
188027,4.01,-6.79,38.56,0.96,8.73,1.49
188063,0.40,-4.67,37.62,1.01,8.73,1.51
188097,-3.38,-6.01,36.77,1.07,8.73,1.60
188132,-5.89,-4.22,36.13,1.02,8.73,1.68
188167,-5.04,-5.18,31.46,0.99,8.73,1.74
188202,-8.04,-3.79,27.99,0.99,8.73,1.75
188237,-5.42,-2.74,24.22,1.11,8.73,1.86
188272,-0.89,-5.17,21.61,1.14,8.73,2.00
188307,2.81,-5.04,19.14,1.12,8.73,2.05
188343,5.33,-3.89,18.41,1.04,8.73,2.02
188377,7.32,-4.84,19.06,1.05,8.73,2.03
188412,9.32,-4.83,22.18,1.08,8.73,2.06
188447,12.62,-5.40,25.76,1.07,8.73,2.13
188482,13.45,-5.51,28.84,1.14,8.73,2.21
188518,13.07,-6.57,32.59,1.18,8.73,2.37
188552,9.78,-8.09,34.04,1.08,8.73,2.47
188587,8.03,-8.63,36.54,0.91,8.73,2.52
188622,4.40,-8.12,37.70,0.71,8.73,2.43
188658,1.05,-7.43,37.41,0.64,8.73,2.15
188693,-2.67,-5.74,35.64,0.71,8.73,1.91
188727,-4.50,-5.88,32.77,0.86,8.73,1.80
188762,-6.16,-4.97,31.47,0.92,8.73,1.75
188798,-6.75,-4.00,27.56,0.92,8.73,1.71
188833,-5.66,-2.34,24.08,0.84,8.73,1.55
188867,-5.29,-0.18,20.56,0.84,8.73,1.31
188902,0.62,3.81,19.98,1.04,8.73,1.02
188937,3.63,2.82,19.09,1.32,8.73,0.94
188972,5.30,-0.25,18.87,1.58,8.73,1.17
189007,10.07,-2.48,21.63,1.66,8.73,1.51
189042,12.56,-8.05,23.97,1.61,8.73,1.80
189077,12.49,-7.31,27.83,1.40,8.73,1.99
189112,12.48,-8.44,30.46,1.31,8.73,2.12
189152,11.41,-9.91,34.40,1.19,8.73,2.27
189187,8.50,-9.64,37.69,1.06,8.73,2.34
189222,5.76,-10.36,37.81,0.88,8.73,2.44
189257,1.72,-10.42,37.31,0.70,8.73,2.47
189292,-3.13,-9.59,40.05,0.51,8.73,2.42
189328,-4.25,-6.00,36.56,0.29,8.73,2.28
189363,-3.70,-4.15,31.40,0.15,8.73,1.96
189397,-10.98,-2.39,30.21,0.22,8.73,1.66
189432,-1.98,-0.62,26.42,0.33,8.73,1.40
189467,-1.86,1.77,21.57,0.60,8.73,1.18
189502,1.91,1.85,21.36,0.84,8.73,1.11
189537,6.67,0.60,22.71,1.10,8.73,1.06
189572,7.67,-0.79,21.41,1.40,8.73,1.18
189607,11.79,-2.92,23.96,1.55,8.73,1.39
189642,12.23,-6.29,27.95,1.61,8.73,1.64
189677,13.79,-8.89,31.05,1.49,8.73,1.83
189712,12.94,-9.84,34.54,1.40,8.73,1.90
189747,9.03,-8.70,36.40,1.32,8.73,1.96
189782,6.74,-9.37,36.71,1.22,8.73,1.96
189818,3.61,-10.15,36.76,1.09,8.73,2.15
189852,-0.43,-9.64,36.88,0.90,8.73,2.30
189887,-4.01,-8.61,36.13,0.74,8.73,2.28
189922,-4.23,-5.49,31.42,0.68,8.73,2.11
189958,-6.16,-5.62,28.68,0.83,8.73,2.00
189992,-6.90,-6.02,25.60,0.98,8.73,2.02
190027,-4.26,-6.73,22.36,0.98,8.73,2.07
190062,-1.67,-3.94,19.32,1.02,8.73,2.04
190097,3.08,-1.24,18.78,1.01,8.73,1.75
190132,4.02,-1.28,17.84,1.17,8.73,1.52
190167,4.85,-0.57,19.46,1.41,8.73,1.50
190202,9.03,-3.63,20.63,1.64,8.73,1.64
190237,12.04,-6.89,24.60,1.56,8.73,1.94
190272,12.48,-8.31,27.86,1.37,8.73,2.18
190307,12.61,-10.33,31.47,1.26,8.73,2.29
190342,10.47,-8.89,34.48,1.05,8.73,2.39
190378,8.72,-12.43,36.35,0.98,8.73,2.60
190412,4.39,-11.54,36.60,0.68,8.73,3.09
190447,0.67,-12.26,39.96,0.05,8.73,3.25
190482,-3.02,-10.32,38.21,-0.32,8.73,2.94
190517,-5.57,-5.47,37.66,-0.61,8.73,2.45
190552,-10.20,-1.04,38.14,-0.39,8.73,1.91
190587,-7.75,-0.40,33.34,-0.20,8.73,1.53
190622,-2.81,1.91,28.56,-0.01,8.73,1.16
190658,-0.29,3.33,24.90,0.43,8.73,0.88
190692,1.62,1.70,22.72,0.93,8.73,0.86
190727,8.61,3.27,28.28,1.39,8.73,0.86
190762,11.79,0.79,23.73,1.83,8.73,1.05
190797,12.56,-1.94,29.66,2.23,8.73,1.39
190833,15.45,-8.88,34.51,2.24,8.73,1.83
190867,14.59,-11.07,38.30,2.09,8.73,2.14
190902,9.77,-11.83,39.77,1.90,8.73,2.38
190937,6.35,-10.03,42.56,1.66,8.73,2.43
190972,2.34,-12.28,43.14,1.45,8.73,2.45
191007,-0.07,-11.94,39.17,1.39,8.73,2.45
191042,-4.13,-10.34,37.96,1.34,8.73,2.33
191077,-3.42,-11.36,31.97,0.94,8.73,2.42
191112,-4.64,-7.37,28.33,0.41,8.73,2.22
191147,-8.04,-3.53,26.99,0.21,8.73,1.90
191187,-7.00,-2.52,24.01,0.25,8.73,1.68
191222,-1.99,-3.69,23.45,0.42,8.73,1.73
191257,4.33,-7.40,22.44,0.43,8.73,1.93
191292,7.23,-7.59,21.63,0.35,8.73,1.91
191328,13.23,-5.74,26.19,0.32,8.73,1.80
191363,14.03,-5.40,28.29,0.35,8.73,1.60
191397,13.07,-4.51,31.63,0.66,8.73,1.47
191432,12.97,-5.16,33.87,0.90,8.73,1.45
191467,11.40,-5.93,36.72,1.13,8.73,1.64
191502,8.62,-6.08,37.36,1.22,8.73,1.82
191537,4.43,-7.91,38.14,1.20,8.73,1.90
191572,0.94,-7.02,38.74,1.24,8.73,1.94
191608,-2.02,-7.43,35.73,1.26,8.73,1.95
191642,-5.35,-6.74,34.33,1.27,8.73,2.03
191678,-4.37,-8.25,28.86,1.22,8.73,2.17
191712,-5.42,-6.45,25.36,1.15,8.73,2.22
191747,-4.50,-6.65,22.33,1.04,8.73,2.27
191782,-2.72,-7.11,19.17,0.96,8.73,2.30
191818,-0.41,-4.72,18.34,0.79,8.73,2.22
191852,2.23,-4.32,17.60,0.71,8.73,2.10
191887,5.96,-4.51,18.34,0.65,8.73,2.02
191922,8.92,-5.09,19.03,0.58,8.73,1.92
191957,11.11,-3.39,22.14,0.56,8.73,1.79
191992,12.13,-3.98,25.63,0.64,8.73,1.70
192027,12.31,-4.19,29.10,0.67,8.73,1.61
192062,11.89,-7.02,33.28,0.75,8.73,1.52
192097,9.43,-5.23,36.44,0.81,8.73,1.29
192132,5.70,-4.62,36.71,0.91,8.73,0.98
192167,3.17,-3.95,37.96,1.26,8.73,0.88
192202,-0.31,-3.58,37.48,1.47,8.73,1.03
192237,-3.50,-6.22,35.99,1.54,8.73,1.33
192272,-4.85,-4.81,32.82,1.41,8.73,1.58
192307,-6.59,-5.28,29.38,1.30,8.73,1.69
192343,-6.62,-2.98,26.49,1.20,8.73,1.71
192378,-4.97,-3.33,22.45,1.23,8.73,1.80
192412,-1.74,-2.96,20.81,1.24,8.73,1.83
192447,2.84,-3.24,19.01,1.22,8.73,1.92
192482,6.37,-4.59,18.28,1.17,8.73,2.01
192517,8.88,-3.39,17.87,1.11,8.73,2.07
192552,10.67,-5.32,20.83,1.08,8.73,2.09
192587,11.27,-5.48,25.50,1.08,8.73,2.12
192622,12.42,-6.24,29.03,1.00,8.73,2.13
192657,12.74,-8.23,32.54,0.94,8.73,2.12
192692,10.32,-6.83,34.53,0.81,8.73,2.06
192727,7.52,-7.12,36.69,0.79,8.73,2.03
192762,3.71,-7.58,37.56,0.70,8.73,2.02
192798,0.47,-7.83,37.02,0.53,8.73,2.06
192833,-2.16,-4.79,34.79,0.36,8.73,2.00
192867,-5.73,-5.76,32.28,0.24,8.73,1.86
192902,-7.35,-1.15,30.85,0.22,8.73,1.65
192937,-6.37,0.31,26.59,0.23,8.73,1.43
192972,-3.07,1.03,23.07,0.39,8.73,1.32
193007,-4.42,0.56,19.95,0.59,8.73,1.31
193042,-3.34,0.17,19.01,0.83,8.73,1.46
193077,2.03,-4.32,18.64,0.90,8.73,1.63
193112,8.08,-3.82,17.41,0.90,8.73,1.72
193147,11.78,-4.49,18.64,0.87,8.73,1.71
193182,11.19,-5.63,21.49,0.85,8.73,1.71
193222,11.46,-5.08,24.69,0.71,8.73,1.70
193257,11.94,-5.68,27.33,0.81,8.73,1.69
193292,10.92,-6.59,31.59,0.85,8.73,1.74
193328,9.18,-5.53,34.88,0.92,8.73,1.77
193362,5.62,-7.26,34.60,0.89,8.73,1.87
193397,2.45,-6.43,35.25,0.90,8.73,1.91
193432,-0.62,-6.30,35.63,0.83,8.73,1.95
193467,-3.22,-6.07,33.48,0.78,8.73,1.92
193502,-6.09,-5.73,31.45,0.76,8.73,1.88
193537,-6.28,-4.13,27.77,0.78,8.73,1.81
193572,-7.36,-4.10,24.22,0.80,8.73,1.77
193607,-5.78,-3.58,21.15,0.86,8.73,1.78
193642,-5.35,-2.75,17.76,0.89,8.73,1.77
193677,-0.30,-2.77,16.32,0.89,8.73,1.75
193712,4.55,-2.15,16.97,0.90,8.73,1.68
193747,7.84,-2.28,16.24,1.00,8.73,1.63
193782,10.03,-2.20,18.07,1.07,8.73,1.68
193817,11.77,-3.47,21.73,1.13,8.73,1.73
193852,13.44,-4.71,23.49,1.25,8.73,1.81
193887,13.20,-5.01,26.77,1.30,8.73,1.92
193922,11.42,-7.02,29.70,1.27,8.73,2.06
193957,8.90,-7.30,31.78,1.16,8.73,2.12
193992,6.56,-7.50,33.83,1.04,8.73,2.08
194027,3.90,-7.88,35.58,0.98,8.73,2.03
194062,0.24,-7.01,35.79,1.00,8.73,2.00
194097,-2.65,-5.77,34.11,1.05,8.73,1.95
194132,-4.20,-6.49,30.25,1.08,8.73,1.97
194167,-5.61,-5.17,26.34,1.06,8.73,1.97
194202,-5.87,-5.07,23.15,1.05,8.73,2.01
194237,-5.29,-5.01,20.45,1.03,8.73,2.03
194272,-4.25,-3.81,17.96,0.96,8.73,1.99
194307,0.08,-2.02,16.90,0.92,8.73,1.84
194343,2.87,-1.91,15.79,0.92,8.73,1.70
194377,4.90,-2.76,14.60,0.98,8.73,1.66
194412,7.64,-1.77,16.52,1.01,8.73,1.69
194447,9.22,-3.48,19.46,1.09,8.73,1.70
194482,11.19,-4.23,22.61,1.12,8.73,1.76
194517,12.62,-4.51,26.19,1.13,8.73,1.81
194552,11.94,-7.39,29.64,1.14,8.73,1.84
194587,10.60,-7.48,32.63,0.94,8.73,1.65
194622,8.67,-6.90,34.01,0.90,8.73,1.32
194657,3.60,-4.52,34.58,1.10,8.73,0.90
194692,0.15,-3.86,34.42,1.42,8.73,0.77
194727,-1.72,-6.05,32.42,1.59,8.73,0.97
194762,-4.06,-6.51,30.81,1.50,8.73,1.28
194797,-5.94,-6.49,28.17,1.16,8.73,1.45
194833,-6.21,-4.18,24.83,0.80,8.73,1.37
194867,-5.74,1.01,22.21,0.58,8.73,1.11
194902,-3.48,1.61,18.29,0.67,8.73,0.95
194937,-0.94,3.24,15.83,0.85,8.73,0.79
194972,0.37,2.97,14.34,1.08,8.73,0.84
195007,3.00,1.34,15.34,1.28,8.73,0.96
195042,6.02,0.50,16.32,1.46,8.73,1.10
195077,9.02,-1.82,16.02,1.56,8.73,1.32
195112,10.10,-4.08,18.05,1.58,8.73,1.56
195147,11.50,-4.64,22.01,1.47,8.73,1.78
195182,13.27,-7.88,25.14,1.30,8.73,1.91
195217,11.01,-7.14,29.45,1.18,8.73,1.97
195257,8.66,-8.02,31.65,1.09,8.73,2.06
195292,5.94,-8.40,33.31,0.96,8.73,2.13
195328,2.52,-8.00,33.68,0.73,8.73,2.30
195362,-1.10,-7.27,33.80,0.49,8.73,2.28
195397,-4.14,-6.40,33.82,0.44,8.73,2.07
195432,-4.78,-3.79,30.56,0.47,8.73,1.88
195467,-6.74,-2.51,27.71,0.84,8.73,1.72
195502,-6.55,-4.52,22.99,0.95,8.73,1.67
195537,-4.21,-2.79,19.69,0.84,8.73,1.52
195572,-3.20,-1.51,17.04,0.84,8.73,1.29
195608,-1.94,2.54,15.69,0.97,8.73,1.08
195642,1.08,2.24,15.95,1.19,8.73,1.00
195677,6.43,1.71,16.45,1.54,8.73,0.93
195712,6.09,-1.53,15.52,1.80,8.73,1.12
195747,8.48,-1.56,19.91,1.93,8.73,1.45
195782,12.36,-6.06,24.64,2.01,8.73,1.81
195818,13.31,-9.53,29.34,1.80,8.73,2.07
195852,11.31,-10.67,31.05,1.57,8.73,2.26
195887,9.89,-9.33,33.05,1.29,8.73,2.37
195922,6.72,-11.74,33.77,1.04,8.73,2.47
195957,3.54,-10.18,35.87,0.84,8.73,2.52
195992,0.05,-9.86,36.74,0.64,8.73,2.36
196027,-2.68,-9.20,33.96,0.36,8.73,2.32
196062,-5.11,-6.70,32.01,0.15,8.73,2.12
196097,-6.68,-5.13,28.65,0.07,8.73,1.85
196132,-8.13,-2.15,26.00,-0.15,8.73,1.43
196167,-8.25,2.74,24.60,-0.05,8.73,1.02
196203,-5.85,3.48,22.19,0.30,8.73,0.90
196237,-1.74,3.43,19.75,0.72,8.73,0.74
196272,3.81,1.41,19.65,1.12,8.73,0.78
196307,9.34,1.66,22.18,1.47,8.73,0.94
196343,11.23,-0.26,23.41,1.73,8.73,1.20
196377,13.33,-4.33,27.88,1.89,8.73,1.54
196412,14.41,-9.04,31.16,1.89,8.73,1.86
196447,12.18,-9.45,34.19,1.79,8.73,2.11
196482,9.21,-9.91,36.38,1.57,8.73,2.27
196518,6.12,-10.87,37.37,1.33,8.73,2.31
196553,2.88,-12.25,36.23,1.18,8.73,2.34
196587,-0.32,-7.82,36.13,1.02,8.73,2.26
196622,-2.56,-10.73,32.27,0.88,8.73,2.22
196657,-4.97,-7.69,30.47,0.74,8.73,2.14
196692,-5.02,-7.32,26.27,0.58,8.73,2.02
196727,-5.26,-4.87,23.09,0.42,8.73,1.83
196763,-5.67,-3.69,20.37,0.39,8.73,1.61
196797,-2.62,-1.11,18.03,0.41,8.73,1.45
196833,1.44,-1.16,16.18,0.58,8.73,1.32
196867,2.99,-1.07,15.76,0.72,8.73,1.27
196902,6.36,-1.65,16.23,0.86,8.73,1.26
196937,10.07,-3.01,17.34,0.97,8.73,1.36
196972,11.32,-3.74,20.17,1.06,8.73,1.44
197007,12.05,-4.31,24.29,1.19,8.73,1.52
197042,12.77,-5.97,27.14,1.25,8.73,1.63
197077,12.30,-6.17,29.81,1.33,8.73,1.80
197112,9.15,-7.22,31.75,1.37,8.73,2.03
197147,5.59,-8.79,32.73,1.25,8.73,2.18
197182,3.02,-9.90,34.08,1.10,8.73,2.29
197217,0.39,-8.92,35.21,0.94,8.73,2.30
197253,-2.22,-7.32,32.57,0.82,8.73,2.23
197292,-6.24,-7.54,31.82,0.85,8.73,2.11
197328,-7.54,-6.53,28.40,0.84,8.73,2.08
197362,-7.58,-6.26,24.59,0.75,8.73,2.01
197397,-4.89,-5.00,21.33,0.65,8.73,1.91
197432,-2.13,-3.02,18.07,0.57,8.73,1.74
197467,3.09,-1.82,16.58,0.60,8.73,1.60
197502,4.32,-1.42,16.08,0.65,8.73,1.52
197537,6.33,-2.83,15.84,0.70,8.73,1.50
197572,8.08,-3.49,17.54,0.69,8.73,1.53
197607,10.29,-5.87,18.57,0.66,8.73,1.54
197642,11.05,-5.91,23.09,0.59,8.73,1.49
197677,12.51,-4.96,26.95,0.56,8.73,1.36
197712,11.77,-5.07,29.66,0.64,8.73,1.28
197748,10.51,-5.50,32.66,0.75,8.73,1.22
197783,6.91,-4.97,34.87,0.88,8.73,1.14
197817,4.03,-5.14,35.54,1.06,8.73,1.15
197852,1.58,-5.74,34.86,1.32,8.73,1.26
197887,-2.96,-7.88,35.07,1.33,8.73,1.52
197922,-5.01,-6.17,33.13,1.30,8.73,1.69
197957,-6.32,-6.19,29.42,1.14,8.73,1.82
197992,-6.08,-4.02,25.57,1.08,8.73,1.81
198027,-4.66,-2.96,22.46,1.04,8.73,1.82
198062,-4.66,-2.55,19.51,1.05,8.73,1.77
198097,-0.32,-0.62,18.69,1.06,8.73,1.72
198132,1.86,-1.79,18.28,1.13,8.73,1.70
198167,3.91,-0.82,17.55,1.21,8.73,1.68
198202,7.19,-0.45,20.20,1.34,8.73,1.71
198237,11.05,-2.82,23.14,1.52,8.73,1.77
198272,12.31,-5.35,26.93,1.57,8.73,1.95
198307,12.82,-6.00,30.22,1.45,8.73,2.09
198343,12.61,-7.04,33.91,1.31,8.73,2.19
198377,8.98,-8.58,36.32,1.18,8.73,2.14
198412,5.91,-7.16,37.57,1.01,8.73,2.00
198447,2.31,-7.71,39.22,0.97,8.73,2.01
198482,-0.21,-6.13,37.51,0.98,8.73,1.98
198516,-3.51,-6.88,35.52,0.97,8.73,1.94
198551,-4.56,-4.75,32.66,0.96,8.73,1.94
198587,-5.93,-4.93,29.77,0.95,8.73,1.91
198621,-5.98,-5.03,26.73,0.92,8.73,1.90
198657,-3.98,-1.81,23.35,0.91,8.73,1.82
198691,-1.03,-1.97,21.14,0.91,8.73,1.72
198727,1.85,-2.86,18.97,0.95,8.73,1.71
198761,6.49,-1.86,19.19,1.02,8.73,1.73
198796,8.95,-2.71,19.80,1.06,8.73,1.76
198831,11.12,-4.03,22.98,1.16,8.73,1.80
198866,12.73,-3.87,27.84,1.19,8.73,1.83
198901,13.19,-6.39,30.77,1.28,8.73,1.95
198936,11.51,-7.96,34.00,1.31,8.73,2.03
198971,8.95,-7.73,36.78,1.19,8.73,1.99
199006,5.95,-7.60,37.46,1.16,8.73,1.94
199042,3.09,-6.79,40.29,1.22,8.73,1.74
199077,-0.28,-5.72,36.48,1.36,8.73,1.67
199111,-3.85,-6.70,35.59,1.50,8.73,1.73
199146,-6.67,-7.17,32.79,1.45,8.73,1.88
199181,-6.00,-9.15,28.80,1.24,8.73,2.03
199216,-4.26,-4.90,26.07,0.94,8.73,1.94
199251,-2.02,-3.78,23.46,0.93,8.73,1.97
199286,0.55,-2.53,20.88,0.95,8.73,1.91
199326,2.73,-1.85,20.38,0.99,8.73,1.82
199361,6.16,-1.22,20.56,1.08,8.73,1.74
199396,7.83,-5.18,20.19,1.04,8.73,1.83
199431,10.39,-5.66,23.54,0.96,8.73,1.90
199466,13.45,-5.30,27.18,0.85,8.73,1.89
199501,14.02,-6.96,30.25,0.79,8.73,1.84
199536,12.19,-5.72,33.43,0.79,8.73,1.72
199571,9.38,-5.99,35.77,0.83,8.73,1.66
199606,6.29,-6.40,36.93,0.91,8.73,1.63
199641,3.28,-5.53,38.06,0.95,8.73,1.70
199676,-0.09,-6.74,37.87,0.94,8.73,1.80
199711,-3.01,-5.62,36.30,0.85,8.73,1.83
199747,-5.69,-4.02,33.64,0.83,8.73,1.84
199781,-5.26,-2.90,30.62,0.79,8.73,1.81
199817,-4.92,-3.88,25.61,0.87,8.73,1.86
199851,-4.10,-2.79,22.68,1.03,8.73,1.96
199886,-2.26,-5.44,19.67,0.98,8.73,2.07
199921,-0.12,-6.08,18.28,0.97,8.73,2.22
199956,4.13,-4.21,19.64,0.87,8.73,2.13
199991,8.20,-4.55,20.81,0.84,8.73,2.06
200026,11.13,-2.54,24.22,0.89,8.73,1.98
200061,13.06,-5.77,25.93,0.99,8.73,1.93
200096,13.56,-4.45,29.22,1.03,8.73,1.94
200131,12.69,-5.74,32.59,1.05,8.73,2.03
200165,10.69,-8.15,34.84,1.05,8.73,2.09
200200,8.28,-7.07,37.07,0.98,8.73,2.07
200235,4.49,-7.28,38.17,0.92,8.73,2.06
200270,0.53,-6.39,37.99,0.90,8.73,2.00
200305,-2.10,-6.66,36.41,0.92,8.73,1.91
200341,-5.50,-4.17,36.05,1.04,8.73,1.87
200376,-6.06,-5.10,32.43,1.14,8.73,1.91
200410,-6.45,-5.88,28.31,1.15,8.73,1.93
200445,-3.85,-3.00,24.97,1.09,8.73,1.95
200480,-2.15,-5.87,20.71,1.07,8.73,1.97
200515,0.71,-2.33,19.80,1.07,8.73,1.87
200550,3.72,-1.79,19.01,1.06,8.73,1.76
200585,7.19,-4.02,19.69,1.07,8.73,1.80
200620,9.85,-4.29,21.72,1.11,8.73,1.83
200655,11.95,-5.04,24.33,1.04,8.73,1.88
200690,12.56,-6.46,27.69,1.01,8.73,1.94
200725,12.61,-6.17,31.29,0.99,8.73,1.93
200760,11.79,-8.02,34.60,0.95,8.73,1.96
200795,8.03,-6.87,37.51,0.94,8.73,1.87
200831,5.60,-6.09,39.45,0.92,8.73,1.80
200865,1.14,-8.03,38.61,0.99,8.73,1.81
200901,-1.32,-5.45,37.42,1.06,8.73,1.79
200935,-4.51,-6.80,35.09,1.01,8.73,1.85
200971,-4.91,-5.72,31.76,0.97,8.73,1.91
201005,-4.63,-3.24,28.08,0.91,8.73,1.86
201040,-3.87,-3.65,24.43,0.85,8.73,1.81
201075,-3.10,-1.70,21.40,0.93,8.73,1.74
201110,-0.44,-1.97,20.37,0.95,8.73,1.71
201145,2.97,-2.74,20.21,0.99,8.73,1.74
201180,6.33,-4.23,20.19,1.06,8.73,1.79
201215,9.60,-2.88,22.15,1.09,8.73,1.81
201250,11.53,-5.56,24.70,1.12,8.73,1.85
201285,12.76,-4.68,28.12,1.07,8.73,1.87
201321,13.15,-6.67,31.83,1.06,8.73,1.93
201360,11.06,-7.36,35.67,0.99,8.73,1.93
201395,8.68,-7.07,38.57,0.96,8.73,1.97
201430,4.63,-8.95,39.94,0.93,8.73,2.02
201465,1.09,-6.74,39.68,0.87,8.73,2.02
201500,-2.20,-7.01,37.81,0.79,8.73,2.01
201535,-4.10,-6.29,34.45,0.81,8.73,1.99
201570,-4.88,-4.83,30.69,0.78,8.73,1.92
201605,-6.26,-4.30,27.72,0.81,8.73,1.91
201640,-4.46,-4.39,24.69,0.90,8.73,1.88
201675,-2.99,-1.91,21.85,0.91,8.73,1.87
201711,1.36,-2.91,20.19,0.94,8.73,1.81
201746,4.45,-1.91,20.49,1.02,8.73,1.76
201780,8.00,-1.88,21.26,1.10,8.73,1.69
201816,11.43,-3.53,22.57,1.21,8.73,1.75
201850,12.24,-1.91,25.06,1.41,8.73,1.79
201885,11.83,-4.89,28.84,1.54,8.73,1.91
201920,12.43,-8.21,32.56,1.49,8.73,2.03
201955,10.94,-7.50,36.55,1.37,8.73,2.07
201990,9.12,-8.67,38.95,1.27,8.73,1.99
202025,4.68,-7.76,39.43,1.28,8.73,1.76
202060,1.11,-6.08,39.94,1.55,8.73,1.60
202095,-2.86,-6.18,36.97,1.78,8.73,1.61
202129,-4.55,-8.11,34.61,1.99,8.73,1.82
202164,-7.76,-8.74,31.54,1.86,8.73,2.07
202199,-7.95,-10.03,28.12,1.58,8.73,2.31
202234,-6.12,-7.52,24.26,1.33,8.73,2.31
202269,-3.46,-4.53,21.23,1.02,8.73,2.19
202304,1.90,-4.26,20.21,0.95,8.73,2.06
202340,5.15,-3.59,20.30,0.93,8.73,1.98
202374,6.04,-2.53,19.04,0.85,8.73,2.09
202409,8.86,-5.91,22.07,0.78,8.73,2.12
202444,11.28,-5.45,24.30,0.63,8.73,2.13
202479,12.48,-4.94,29.38,0.65,8.73,2.08
202514,12.89,-7.34,33.61,0.81,8.73,2.04
202548,11.72,-5.08,36.92,0.85,8.73,2.11
202583,8.38,-7.82,38.44,0.88,8.73,2.17
202618,4.22,-7.17,38.23,0.77,8.73,2.17
202653,1.64,-5.59,39.24,0.68,8.73,2.05
202688,-1.72,-5.82,37.19,0.80,8.73,1.90
202723,-4.62,-4.44,35.55,0.94,8.73,1.81
202758,-4.54,-5.05,30.92,0.99,8.73,1.83
202793,-5.10,-3.83,26.74,1.07,8.73,1.81
202829,-4.44,-3.29,25.26,0.96,8.73,1.81
202863,-2.36,-3.83,21.04,1.03,8.73,1.84
202898,-0.24,-2.48,19.54,1.05,8.73,1.84
202933,2.91,-2.97,19.96,1.01,8.73,1.85
202968,5.92,-5.25,19.77,1.01,8.73,1.93
203003,9.32,-3.11,22.06,1.03,8.73,1.93
203038,11.75,-5.97,24.96,1.05,8.73,1.94
203073,13.22,-5.10,28.38,1.04,8.73,1.95
203108,12.73,-5.81,31.55,1.05,8.73,1.96
203143,11.13,-7.98,34.38,1.05,8.73,2.05
203178,8.54,-7.02,37.38,1.02,8.73,2.05
203213,5.63,-6.42,38.17,0.92,8.73,2.06
203248,1.40,-8.00,37.92,0.90,8.73,2.05
203283,-1.03,-5.33,36.51,0.87,8.73,1.98
203318,-3.87,-6.13,34.37,0.96,8.73,1.91
203353,-5.48,-5.01,32.10,0.93,8.73,1.87
203393,-5.57,-4.18,27.76,0.89,8.73,1.83
203429,-4.80,-2.90,25.12,0.83,8.73,1.81
203463,-4.15,-2.76,21.24,0.90,8.73,1.73
203498,-0.16,-1.58,20.73,0.97,8.73,1.66
203533,3.24,-1.89,20.49,0.99,8.73,1.67
203568,6.24,-3.20,20.60,1.08,8.73,1.72
203603,9.77,-2.77,22.08,1.09,8.73,1.75
203638,11.99,-4.64,24.57,1.10,8.73,1.81
203673,13.18,-5.24,27.92,1.11,8.73,1.84
203708,13.74,-5.94,31.67,1.10,8.73,1.88
203743,11.64,-7.82,34.47,1.06,8.73,1.90
203778,8.83,-7.65,37.46,1.01,8.73,1.73
203814,5.36,-6.22,37.54,1.02,8.73,1.58
203849,2.16,-6.93,37.71,1.22,8.73,1.49
203883,-1.53,-6.56,36.77,1.25,8.73,1.61
203918,-3.98,-7.19,35.60,1.21,8.73,1.79
203953,-5.56,-5.33,32.02,1.09,8.73,1.86
203988,-6.39,-5.83,28.69,0.92,8.73,1.88
204023,-4.58,-3.60,25.25,0.90,8.73,1.81
204058,-4.25,-1.38,22.09,0.88,8.73,1.78
204093,-0.08,-2.46,19.66,0.92,8.73,1.74
204128,2.98,-2.60,19.71,0.95,8.73,1.70
204163,5.32,-2.54,18.50,0.94,8.73,1.77
204198,8.85,-5.06,20.51,0.96,8.73,1.84
204233,11.88,-5.00,23.87,0.92,8.73,1.84
204268,13.29,-5.54,26.75,0.98,8.73,1.84
204303,12.59,-5.45,29.93,0.97,8.73,1.81
204338,11.05,-6.60,32.89,0.95,8.73,1.81
204374,9.45,-5.90,35.81,0.96,8.73,1.79
204409,5.78,-6.50,36.94,0.94,8.73,1.85
204443,2.27,-8.49,39.14,0.88,8.73,1.94
204478,-0.77,-5.45,38.74,0.79,8.73,1.97
204513,-4.53,-7.28,35.77,0.78,8.73,1.96
204548,-5.16,-3.90,33.56,0.68,8.73,1.92
204583,-5.38,-3.98,29.50,0.70,8.73,1.89
204618,-5.72,-5.02,25.69,0.77,8.73,1.86
204653,-5.17,-2.35,22.75,0.82,8.73,1.92
204688,-1.93,-5.57,19.91,0.84,8.73,2.03
204723,0.93,-6.81,18.33,0.79,8.73,2.16
204758,5.21,-5.47,19.26,0.65,8.73,2.14
204793,9.60,-6.28,19.87,0.61,8.73,2.07
204829,11.31,-3.24,24.01,0.64,8.73,1.94
204863,12.91,-2.62,25.48,0.75,8.73,1.85
204898,11.88,-5.83,29.51,0.88,8.73,1.82
204933,12.37,-5.37,33.11,0.91,8.73,1.81
204968,9.55,-5.83,35.19,0.97,8.73,1.83
205003,6.70,-6.89,36.86,0.95,8.73,1.75
205038,3.26,-6.48,38.25,1.04,8.73,1.63
205073,-0.06,-4.58,38.19,1.22,8.73,1.51
205108,-2.99,-6.90,35.22,1.45,8.73,1.48
205143,-5.50,-5.50,32.73,1.49,8.73,1.64
205179,-6.43,-6.71,30.09,1.32,8.73,1.77
205213,-7.61,-4.15,27.58,1.17,8.73,1.77
205249,-5.66,-2.44,24.65,1.02,8.73,1.66
205283,-1.76,0.36,21.68,1.03,8.73,1.49
205319,2.05,1.15,19.95,1.12,8.73,1.40
205353,5.70,0.26,19.62,1.25,8.73,1.44
205389,7.80,-1.78,18.84,1.38,8.73,1.57
205428,10.58,-5.35,23.22,1.34,8.73,1.80
205463,12.41,-5.30,25.18,1.19,8.73,1.91
205498,12.79,-7.15,28.08,1.05,8.73,1.98
205533,11.72,-5.87,32.08,1.06,8.73,2.02
205568,10.25,-7.50,35.28,1.04,8.73,2.11
205603,8.19,-6.00,37.95,1.04,8.73,2.23
205638,3.91,-8.17,39.08,0.90,8.73,2.31
205673,0.27,-8.32,37.98,0.80,8.73,2.27
205708,-2.50,-4.94,36.76,0.84,8.73,2.13
205743,-4.46,-6.31,33.77,0.90,8.73,2.03
205778,-5.21,-5.66,29.94,1.01,8.73,2.03
205813,-5.66,-4.39,26.38,1.07,8.73,2.07
205848,-5.19,-6.74,22.45,1.14,8.73,2.19
205883,-6.47,-5.53,21.04,0.98,8.73,2.25
205918,-0.13,-6.40,19.85,0.90,8.73,2.27
205953,2.66,-5.60,18.25,0.78,8.73,2.16
205988,7.04,-5.50,20.88,0.66,8.73,2.06
206023,10.89,-6.92,21.61,0.62,8.73,2.03
206058,12.11,-6.22,24.96,0.53,8.73,1.90
206093,13.79,-5.85,28.87,0.43,8.73,1.79
206128,12.50,-6.10,32.07,0.52,8.73,1.68
206163,11.93,-4.20,35.43,0.58,8.73,1.64
206197,8.51,-6.73,37.05,0.74,8.73,1.73
206232,4.88,-6.57,37.98,0.76,8.73,1.89
206267,1.21,-6.81,36.52,0.54,8.73,2.10
206302,-1.55,-4.44,35.91,0.37,8.73,2.06
206338,-4.31,-4.13,33.96,0.31,8.73,1.91
206372,-5.61,-1.40,33.26,0.54,8.73,1.77
206407,-9.50,-3.90,31.68,0.83,8.73,1.80
206442,-7.20,-3.42,28.41,0.90,8.73,1.80
206477,-3.09,0.96,24.86,0.85,8.73,1.64
206512,0.79,-2.16,21.89,0.98,8.73,1.64
206547,4.02,-4.64,20.76,1.01,8.73,1.81
206582,9.21,-2.45,21.02,1.01,8.73,1.76
206617,12.20,-3.49,22.08,1.11,8.73,1.63
206652,11.41,-3.29,22.61,1.23,8.73,1.61
206687,12.81,-4.44,26.47,1.21,8.73,1.69
206722,11.52,-5.51,29.90,1.12,8.73,1.73
206758,11.97,-5.76,33.76,1.12,8.73,1.71
206792,9.41,-7.30,36.88,1.13,8.73,1.69
206827,5.27,-6.97,37.37,1.21,8.73,1.64
206862,2.79,-4.66,39.62,1.12,8.73,1.61
206897,-0.45,-8.13,37.39,1.14,8.73,1.75
206932,-3.89,-7.11,33.85,1.13,8.73,1.86
206967,-6.16,-6.30,31.49,1.18,8.73,1.96
207002,-6.44,-5.29,28.79,1.09,8.73,1.96
207037,-7.40,-4.47,26.26,1.26,8.73,2.09
207072,-7.18,-4.69,22.67,1.38,8.73,2.36
207107,-1.89,-5.18,19.14,1.31,8.73,2.49
207142,9.05,-12.31,22.90,1.06,8.73,2.14
207177,8.71,0.04,17.38,0.96,8.73,2.01
207212,3.77,0.96,21.32,1.13,8.73,1.98
207247,8.62,-3.75,24.58,1.43,8.73,1.91
207282,12.55,-4.63,27.88,1.35,8.73,2.04
207318,12.59,-8.19,30.44,1.29,8.73,2.07
207352,12.31,-7.62,34.34,1.17,8.73,2.02
207387,9.68,-7.95,37.82,1.04,8.73,1.97
207422,6.37,-6.63,39.02,0.99,8.73,1.92
207462,2.63,-5.26,39.39,1.02,8.73,1.86
207497,-0.37,-6.91,36.97,1.03,8.73,1.92
207532,-3.68,-5.45,35.29,0.95,8.73,1.97
207567,-4.00,-4.39,31.45,1.01,8.73,2.02
207602,-7.22,-4.68,29.03,1.01,8.73,2.01
207637,-6.44,-5.62,26.00,1.07,8.73,2.15
207672,-5.15,-5.63,23.37,1.07,8.73,2.21
207707,-1.41,-5.50,21.35,0.93,8.73,2.29
207742,2.17,-4.60,20.50,0.83,8.73,2.29
207778,5.49,-6.07,19.92,0.78,8.73,2.25
207812,9.63,-4.85,22.03,0.72,8.73,2.17
207847,11.33,-6.72,25.42,0.67,8.73,2.06
207882,13.29,-6.49,27.69,0.67,8.73,1.93
207917,13.01,-5.92,31.87,0.59,8.73,1.81
207952,12.17,-5.70,36.00,0.60,8.73,1.70
207987,9.78,-5.87,38.97,0.69,8.73,1.64
208021,6.03,-5.95,39.62,0.83,8.73,1.70
208056,2.35,-5.92,39.09,0.75,8.73,1.87
208092,-0.76,-6.58,37.92,0.63,8.73,1.92
208126,-2.89,-4.91,36.99,0.48,8.73,1.93
208161,-5.42,-1.72,35.10,0.56,8.73,1.84
208196,-6.60,-3.42,31.35,0.86,8.73,1.79
208231,-6.22,-3.61,27.97,1.00,8.73,1.85
208266,-5.04,-4.29,24.36,1.06,8.73,2.02
208301,-0.93,-5.05,22.01,1.08,8.73,2.13
208336,3.07,-5.56,21.39,1.02,8.73,2.15
208371,7.23,-5.67,21.54,1.01,8.73,2.11
208406,10.70,-3.27,23.65,1.05,8.73,2.04
208441,13.07,-5.01,27.47,1.17,8.73,2.03
208476,14.08,-6.77,31.02,1.18,8.73,2.10
208511,13.36,-6.63,34.44,1.19,8.73,2.17
208546,11.27,-8.80,36.70,1.11,8.73,2.26
208581,8.08,-8.55,38.01,1.04,8.73,2.21
208616,4.54,-8.62,39.03,0.95,8.73,2.19
208650,1.49,-7.14,40.74,0.86,8.73,2.16
208685,-2.30,-6.31,40.12,0.81,8.73,2.11
208720,-4.81,-6.06,36.78,0.63,8.73,2.08
208755,-4.40,-2.54,32.47,0.58,8.73,1.96
208790,-5.44,-2.27,28.49,0.59,8.73,1.80
208825,-6.08,-2.72,25.91,0.80,8.73,1.79
208860,-2.95,-4.84,23.30,1.01,8.73,2.13
208895,0.17,-9.95,20.72,0.93,8.73,2.45
208930,3.05,-8.92,21.13,0.70,8.73,2.46
208965,7.45,-5.83,22.49,0.67,8.73,2.29
209000,11.73,-3.52,26.46,0.92,8.73,2.09
209035,13.91,-3.52,30.10,1.12,8.73,2.06
209070,13.92,-5.11,32.90,1.19,8.73,2.16
209105,12.08,-8.87,33.41,1.26,8.73,2.32
209140,8.89,-8.73,37.22,1.14,8.73,2.35
209175,6.76,-8.69,41.62,0.97,8.73,2.28
209209,3.81,-7.64,42.26,0.90,8.73,2.28
209244,0.17,-7.78,42.51,0.95,8.73,2.13
209279,-2.98,-7.78,40.61,1.09,8.73,2.08
209315,-4.08,-6.11,36.71,1.10,8.73,2.06
209349,-4.36,-6.39,30.98,1.10,8.73,2.06
209384,-3.03,-5.45,27.07,1.08,8.73,2.10
209419,-3.03,-5.83,24.26,0.98,8.73,2.04
209454,-0.49,-2.04,23.25,0.96,8.73,1.88
209494,4.90,0.01,24.31,1.08,8.73,1.63
209529,7.98,0.71,23.94,1.30,8.73,1.53
209564,10.81,-3.82,25.12,1.46,8.73,1.65
209599,13.29,-7.44,29.35,1.39,8.73,1.83
209634,13.78,-9.62,31.81,1.20,8.73,1.86
209669,12.64,-6.61,35.60,1.04,8.73,1.73
209704,10.65,-6.97,38.05,0.99,8.73,1.61
209739,7.18,-6.28,40.29,1.08,8.73,1.51
209774,3.72,-7.24,42.19,1.23,8.73,1.58
209809,0.03,-7.70,42.00,1.30,8.73,1.75
209845,-3.21,-6.47,40.08,1.17,8.73,1.92
209879,-5.35,-5.96,35.98,1.15,8.73,1.98
209913,-6.44,-6.41,32.19,1.10,8.73,2.01
209948,-5.99,-5.29,28.92,0.95,8.73,1.98
209983,-3.87,-4.32,26.43,0.96,8.73,1.98
210018,-1.10,-3.61,24.01,0.96,8.73,2.01
210053,1.43,-2.96,22.39,0.94,8.73,2.06
210088,7.56,-3.34,22.72,0.98,8.73,2.07
210123,7.24,-1.69,23.76,1.11,8.73,2.01
210158,11.17,-6.08,29.76,1.25,8.73,2.02
210193,13.27,-8.38,31.23,1.13,8.73,2.00
210228,12.04,-7.05,36.77,0.95,8.73,2.02
210263,11.54,-9.83,41.46,0.78,8.73,1.78
210298,9.39,-7.56,42.58,0.86,8.73,1.48
210334,4.45,-6.45,42.67,1.03,8.73,1.51
210368,0.31,-9.77,42.35,1.10,8.73,1.72
210403,-2.15,-7.75,39.41,0.76,8.73,2.08
210438,-5.01,-4.67,37.41,0.43,8.73,2.02
210473,-4.58,-2.23,33.66,0.45,8.73,1.84
210508,-5.94,-1.64,30.41,0.51,8.73,1.73
210543,-5.00,-4.42,26.17,0.84,8.73,1.91
210578,-4.02,-4.90,24.05,0.97,8.73,2.19
210613,-0.33,-7.68,23.22,0.86,8.73,2.36
210648,4.83,-6.00,22.95,0.89,8.73,2.22
210683,10.03,-4.49,25.44,0.96,8.73,2.06
210718,12.12,-5.57,30.34,1.09,8.73,2.02
210753,13.79,-6.63,32.81,1.03,8.73,2.07
210788,13.28,-7.75,35.94,0.96,8.73,2.09
210823,11.57,-10.14,38.66,0.91,8.73,1.97
210858,9.51,-6.40,41.93,0.92,8.73,1.85
210893,5.25,-8.74,43.45,0.96,8.73,1.89
210928,1.29,-7.68,42.96,0.97,8.73,1.97
210964,-1.56,-5.46,39.35,0.88,8.73,2.00
210998,-3.98,-5.37,36.21,0.89,8.73,1.94
211033,-5.35,-3.96,33.14,1.00,8.73,1.89
211068,-4.71,-5.54,29.60,1.03,8.73,1.83
211103,-3.44,-2.22,27.05,1.03,8.73,1.84
211138,-3.08,-2.66,24.06,0.99,8.73,1.68
211173,2.07,0.63,25.13,1.14,8.73,1.52
211208,4.72,-0.34,24.94,1.30,8.73,1.59
211243,9.61,-3.17,26.29,1.39,8.73,1.78
211278,13.19,-5.11,29.65,1.40,8.73,1.90
211314,13.89,-8.36,31.60,1.30,8.73,1.97
211349,13.04,-8.14,34.53,1.15,8.73,1.92
211383,11.86,-6.09,38.10,1.07,8.73,1.86
211418,8.89,-8.37,40.83,1.10,8.73,1.85
211453,5.86,-7.69,42.75,1.17,8.73,1.86
211488,1.35,-7.51,41.59,1.19,8.73,2.01
211528,-1.75,-5.52,38.33,1.10,8.73,2.10
211563,-4.28,-6.86,35.23,1.04,8.73,2.09
211598,-5.02,-6.09,31.93,0.98,8.73,2.12
211633,-6.53,-6.58,29.44,0.93,8.73,2.08
211667,-5.57,-4.49,27.50,0.86,8.73,2.11
211702,-3.61,-5.51,24.39,0.88,8.73,2.08
211737,1.84,-4.53,23.29,0.83,8.73,2.09
211772,7.18,-6.05,23.29,0.77,8.73,2.13
211807,10.66,-7.50,22.99,0.64,8.73,2.13
211843,12.23,-8.30,25.90,0.45,8.73,2.00
211877,12.47,-7.38,28.95,0.29,8.73,1.79
211912,13.29,-5.47,32.04,0.33,8.73,1.59
211947,12.35,-3.73,36.62,0.56,8.73,1.52
211982,10.40,-4.49,40.05,0.79,8.73,1.61
212017,5.92,-6.33,40.24,0.96,8.73,1.75
212052,2.71,-5.71,42.20,1.02,8.73,1.74
212087,-0.62,-7.27,40.66,0.97,8.73,1.85
212122,-3.45,-4.11,39.22,0.99,8.73,1.87
212157,-5.27,-6.04,35.38,1.19,8.73,1.88
212192,-6.93,-4.58,32.79,1.21,8.73,1.99
212227,-6.34,-5.50,28.85,1.20,8.73,2.05
212262,-3.18,-3.42,26.72,1.16,8.73,2.04
212297,0.57,-2.67,24.25,1.14,8.73,1.96
212332,4.03,-2.65,23.33,1.21,8.73,1.95
212367,9.00,-2.52,26.50,1.27,8.73,1.99
212402,12.49,-2.91,26.55,1.31,8.73,2.01
212437,13.62,-5.33,29.39,1.42,8.73,2.03
212472,13.30,-6.91,31.58,1.32,8.73,2.11
212508,12.23,-9.15,35.81,1.23,8.73,2.13
212542,9.65,-7.04,38.62,1.07,8.73,2.01
212577,6.68,-6.65,40.61,1.03,8.73,1.86
212611,3.73,-6.00,40.10,1.09,8.73,1.80
212646,-0.30,-7.40,41.45,1.21,8.73,1.77
212681,-2.09,-4.91,39.67,1.29,8.73,1.82
212716,-5.40,-7.56,36.58,1.37,8.73,1.89
212751,-5.93,-5.82,32.42,1.29,8.73,1.99
212786,-4.48,-5.64,27.50,1.14,8.73,2.00
212821,-3.40,-4.08,23.95,1.09,8.73,1.99
212856,0.09,-3.76,22.16,1.09,8.73,1.96
212891,2.33,-3.11,22.37,1.06,8.73,1.93
212926,4.99,-3.22,21.72,1.05,8.73,1.93
212961,9.76,-5.61,23.67,1.11,8.73,2.00
212996,12.07,-5.97,27.60,1.04,8.73,2.07
213031,13.31,-2.93,30.22,1.00,8.73,2.06
213067,12.58,-10.00,34.88,0.90,8.73,2.04
213102,13.16,-8.80,38.95,0.85,8.73,1.90
213136,8.83,-7.47,39.39,0.90,8.73,1.90
213171,5.42,-7.03,41.66,0.97,8.73,1.85
213206,1.44,-6.10,42.34,0.93,8.73,1.85
213241,-2.04,-7.37,39.26,0.86,8.73,1.92
213276,-4.64,-5.76,36.82,0.81,8.73,1.92
213311,-5.43,-4.53,32.96,0.79,8.73,1.86
213347,-5.75,-1.89,30.21,0.80,8.73,1.78
213381,-4.00,-3.06,26.27,0.85,8.73,1.79
213416,-1.78,-3.62,23.39,0.97,8.73,1.82
213451,2.18,-3.29,21.53,0.98,8.73,1.95
213486,6.39,-4.42,21.85,0.96,8.73,2.00
213521,8.66,-6.58,22.38,0.85,8.73,2.08
213561,11.54,-5.76,25.69,0.81,8.73,2.02
213596,13.72,-5.76,28.54,0.91,8.73,2.01
213631,13.09,-7.06,31.83,0.91,8.73,2.02
213666,11.61,-7.25,35.40,1.01,8.73,2.11
213701,9.69,-7.26,39.00,0.95,8.73,2.19
213736,6.12,-8.21,39.87,0.88,8.73,2.23
213770,2.41,-9.02,40.35,0.73,8.73,2.28
213805,-0.94,-7.30,40.06,0.57,8.73,2.25
213840,-3.41,-6.10,37.78,0.39,8.73,2.11
213875,-4.92,-4.41,34.37,0.34,8.73,1.94
213910,-6.64,-2.76,31.30,0.43,8.73,1.75
213945,-7.38,-0.26,29.87,0.56,8.73,1.63
213980,-3.58,-1.14,26.82,0.65,8.73,1.58
214015,0.67,-2.43,23.17,0.85,8.73,1.74
214050,3.63,-3.51,22.36,0.93,8.73,1.80
214085,7.83,-6.88,23.21,0.92,8.73,1.91
214120,11.10,-7.79,25.17,0.82,8.73,1.97
214155,12.78,-5.01,28.84,0.83,8.73,1.95
214190,12.63,-4.95,32.43,0.96,8.73,1.91
214226,13.66,-6.87,35.81,1.16,8.73,2.00
214260,11.55,-6.41,39.33,1.20,8.73,2.18
214296,8.19,-8.17,40.32,1.15,8.73,2.17
214330,3.69,-8.42,41.24,1.13,8.73,2.04
214366,-0.04,-7.51,41.20,1.15,8.73,2.01
214400,-2.86,-7.80,37.69,1.27,8.73,1.97
214435,-4.96,-7.43,34.86,1.31,8.73,2.04
214470,-6.04,-7.61,30.31,1.21,8.73,2.12
214506,-9.80,-6.37,31.13,1.16,8.73,2.18
214540,-2.85,-6.13,24.48,1.01,8.73,2.14
214575,0.76,-3.55,20.73,0.91,8.73,1.97
214610,2.71,-3.25,22.05,0.91,8.73,1.96
214645,6.43,-4.75,22.12,0.92,8.73,1.96
214680,7.96,-4.34,21.79,0.97,8.73,1.95
214715,10.31,-3.95,24.17,0.98,8.73,1.93
214750,12.56,-5.97,27.93,0.99,8.73,1.96
214785,14.69,-6.05,32.12,0.99,8.73,1.98
214821,11.79,-5.94,35.40,1.03,8.73,2.02
214855,9.61,-6.83,38.25,1.02,8.73,2.02
214890,6.42,-7.05,38.48,0.97,8.73,2.06
214925,2.81,-7.71,39.33,0.91,8.73,2.06
214960,-0.92,-6.72,41.10,0.89,8.73,2.07
214995,-4.55,-5.09,39.75,0.93,8.73,2.04
215030,-3.84,-5.86,34.85,1.04,8.73,2.05
215065,-5.05,-5.94,31.09,1.04,8.73,2.07
215100,-5.43,-4.75,27.76,1.06,8.73,2.09
215135,-5.05,-4.91,24.94,1.00,8.73,2.12
215170,-0.54,-4.19,23.25,0.97,8.73,2.00
215205,1.67,-3.91,22.56,0.95,8.73,1.93
215240,5.47,-3.59,21.62,1.00,8.73,1.89
215275,10.52,-2.36,25.33,1.12,8.73,1.84
215310,13.97,-4.49,28.13,1.21,8.73,1.84
215346,14.34,-5.61,31.78,1.15,8.73,1.89
215380,13.03,-7.72,34.34,1.13,8.73,1.89
215415,10.78,-6.37,37.14,1.14,8.73,1.87
215450,8.37,-7.84,38.21,1.15,8.73,1.83
215485,4.31,-8.84,39.61,1.26,8.73,1.81
215520,1.57,-5.63,41.23,1.37,8.73,1.72
215554,-2.58,-5.69,38.37,1.50,8.73,1.76
215594,-6.93,-5.32,37.72,1.69,8.73,1.86
215629,-5.46,-7.72,32.42,1.87,8.73,2.17
215664,-6.29,-10.40,27.85,1.71,8.73,2.34
215699,-6.06,-7.00,25.42,1.44,8.73,2.47
215734,-1.53,-7.13,23.15,1.24,8.73,2.43
215769,3.14,-5.58,21.65,1.12,8.73,2.26
215804,5.90,-4.29,20.36,1.05,8.73,2.18
215840,9.02,-4.89,21.78,1.05,8.73,2.13
215875,11.80,-3.59,25.44,1.00,8.73,2.11
215910,13.06,-5.08,28.24,0.94,8.73,2.11
215944,12.98,-6.19,31.80,0.99,8.73,2.10
215979,12.19,-5.90,34.97,0.94,8.73,2.14
216014,9.60,-7.37,37.56,0.87,8.73,2.10
216049,6.45,-6.58,39.41,0.85,8.73,2.08
216083,3.28,-5.49,40.72,0.92,8.73,1.93
216118,0.80,-5.84,41.04,0.93,8.73,1.88
216153,-3.13,-5.80,39.76,1.11,8.73,1.83
216188,-3.62,-5.30,35.05,1.23,8.73,1.82
216223,-5.48,-5.66,30.32,1.23,8.73,1.88
216258,-5.55,-4.72,26.98,1.14,8.73,1.98
216293,-3.83,-6.00,23.38,1.12,8.73,2.02
216328,-0.24,-3.82,20.99,1.08,8.73,2.07
216363,2.74,-6.09,20.35,1.01,8.73,2.18
216398,6.53,-4.80,20.36,0.89,8.73,2.17
216433,9.45,-5.70,21.63,0.89,8.73,2.10
216469,12.45,-4.33,24.66,0.98,8.73,2.01
216503,11.88,-2.92,28.42,1.06,8.73,2.05
216538,13.65,-6.63,33.24,1.18,8.73,2.17
216573,11.37,-8.24,35.55,1.20,8.73,2.32
216608,7.93,-7.22,38.80,1.04,8.73,2.29
216643,5.71,-8.32,39.72,0.91,8.73,2.22
216679,1.40,-7.16,40.27,0.87,8.73,2.04
216713,-1.67,-4.48,38.39,0.94,8.73,1.87
216749,-3.81,-6.25,34.07,1.05,8.73,1.80
216783,-5.22,-5.26,30.56,1.12,8.73,1.80
216818,-5.78,-3.67,28.23,1.04,8.73,1.81
216853,-5.37,-4.00,25.02,1.02,8.73,1.84
216888,-3.68,-2.99,22.59,1.06,8.73,1.77
216923,-0.76,-0.32,21.50,1.07,8.73,1.69
216958,1.99,-3.34,21.37,1.14,8.73,1.66
216993,6.70,-2.73,21.31,1.23,8.73,1.70
217028,9.76,-2.49,22.67,1.22,8.73,1.82
217063,10.91,-6.82,24.79,1.33,8.73,1.95
217098,12.57,-7.08,29.27,1.23,8.73,2.03
217133,13.22,-5.72,33.50,1.18,8.73,2.14
217168,11.77,-8.83,37.09,1.18,8.73,2.30
217203,8.35,-8.43,39.15,1.09,8.73,2.38
217238,4.87,-8.34,39.50,0.98,8.73,2.29
217273,0.91,-6.93,39.78,0.96,8.73,2.14
217308,-1.85,-7.27,36.30,1.12,8.73,2.01
217344,-4.01,-6.49,33.83,1.22,8.73,1.97
217378,-4.97,-6.82,30.32,1.25,8.73,2.04
217413,-7.31,-7.65,27.36,1.20,8.73,2.10
217448,-6.45,-4.58,25.00,1.06,8.73,2.09
217483,-3.52,-4.57,21.58,0.94,8.73,2.00
217518,0.46,-2.72,19.97,0.92,8.73,1.80
217553,4.34,-3.21,19.35,0.93,8.73,1.78
217588,6.20,-1.95,20.42,0.91,8.73,1.87
217628,8.71,-3.56,22.78,1.01,8.73,1.91
217663,11.02,-6.90,26.50,0.99,8.73,1.95
217698,13.45,-5.75,31.43,0.95,8.73,1.94
217733,13.06,-6.90,34.54,0.96,8.73,1.95
217768,11.04,-8.53,36.78,0.90,8.73,1.91
217803,8.14,-6.05,38.39,0.90,8.73,1.87
217838,4.01,-8.03,38.77,0.85,8.73,1.92
217874,0.36,-7.95,38.96,0.85,8.73,1.91
217908,-2.16,-5.08,37.11,0.79,8.73,1.90
