timestamp,accelX,accelY,accelZ,gyroX,gyroY,gyroZ
86052,11.27,-6.10,18.91,0.66,7.44,1.13
86087,9.98,-7.41,20.40,0.44,7.48,0.79
86122,7.87,-1.78,23.20,0.34,7.55,0.38
86157,5.52,-4.59,23.57,0.44,7.54,0.16
86192,3.56,-2.12,25.99,0.67,7.51,0.35
86227,0.75,-4.12,25.10,0.83,7.48,0.45
86262,-1.20,-3.54,23.38,0.84,7.42,0.58
86297,-4.43,-8.64,21.72,0.46,7.33,1.09
86332,-4.46,-6.02,18.16,-0.22,7.31,1.34
86368,-6.52,0.85,17.07,-0.87,7.19,1.13
86402,-6.47,2.57,15.40,-1.16,7.17,0.71
86437,-11.66,4.38,18.42,-1.05,7.36,0.41
86472,-12.84,6.12,18.40,-0.20,7.79,0.61
86507,-6.74,1.03,12.29,0.51,7.94,1.06
86542,-0.36,-3.62,6.25,0.75,7.67,1.30
86577,1.26,-0.65,5.46,0.72,7.35,1.15
86612,-1.72,0.11,4.99,0.80,7.27,1.03
86647,-1.12,2.32,5.34,1.01,7.50,0.95
86682,3.70,3.26,8.22,1.27,7.73,0.98
86717,9.62,2.08,9.51,1.71,7.83,0.88
86752,10.21,1.39,11.49,2.12,7.77,0.98
86787,9.69,-0.39,14.16,2.29,7.80,1.34
86823,10.29,-4.65,15.90,2.31,7.93,1.76
86857,11.23,-5.65,20.19,2.27,8.16,2.23
86892,9.33,-10.01,23.91,1.98,8.43,2.57
86926,8.93,-8.54,28.93,1.56,8.55,2.68
86961,5.11,-11.02,27.96,1.19,8.61,2.71
86996,2.25,-10.33,32.37,0.84,8.73,2.75
87031,-1.48,-10.16,32.36,0.58,8.73,2.58
87066,-3.60,-8.16,30.92,0.24,8.73,2.45
87101,-6.51,-6.23,30.24,0.01,8.73,2.19
87136,-5.29,-4.76,25.44,-0.25,8.73,1.92
87171,-7.62,-0.61,22.64,-0.34,8.73,1.53
87206,-7.01,1.07,20.05,-0.18,8.73,1.23
87241,-4.29,1.52,16.87,0.11,8.73,1.06
87276,-1.46,-0.19,14.39,0.36,8.73,1.05
87316,0.80,0.08,15.14,0.57,8.73,1.10
87352,5.89,-3.60,14.35,0.71,8.73,1.30
87387,8.98,-4.51,14.90,0.71,8.73,1.45
87421,10.26,-7.32,15.83,0.56,8.73,1.56
87456,11.16,-8.56,19.54,0.24,8.73,1.53
87491,11.31,-6.66,22.64,0.28,8.73,1.37
87526,11.59,-3.55,25.54,0.59,8.73,1.35
87561,10.81,-4.93,28.60,0.85,8.73,1.58
87596,8.04,-7.04,31.00,1.00,8.73,1.93
87631,5.54,-9.08,32.63,0.99,8.73,2.20
87666,2.48,-8.88,34.34,0.84,8.73,2.28
87701,-1.22,-8.52,34.55,0.72,8.73,2.21
87736,-3.82,-8.21,33.08,0.61,8.73,2.13
87771,-4.74,-5.97,29.57,0.46,8.73,2.01
87806,-6.45,-3.63,26.10,0.34,8.73,1.80
87841,-7.89,-3.37,23.70,0.22,8.73,1.51
87876,-6.42,1.54,22.72,0.18,8.73,1.18
87911,-6.06,1.20,19.90,0.38,8.73,0.89
87946,0.18,2.54,19.21,0.66,8.73,0.82
87981,5.01,2.92,18.11,0.95,8.73,0.88
88016,7.45,-1.25,17.55,1.18,8.73,1.09
88051,10.41,-3.54,20.37,1.21,8.73,1.30
88086,11.36,-5.42,23.59,1.24,8.73,1.44
88121,12.09,-6.51,26.36,1.30,8.73,1.57
88156,12.45,-5.52,30.28,1.27,8.73,1.71
88191,10.70,-8.72,33.66,1.26,8.73,1.83
88226,7.12,-8.45,35.85,1.22,8.73,1.93
88261,4.29,-8.42,36.53,1.10,8.73,1.96
88296,1.40,-9.15,38.58,1.03,8.73,2.04
88331,-2.43,-8.30,35.09,0.89,8.73,2.11
88367,-3.56,-7.65,31.21,0.64,8.73,2.13
88401,-7.20,-4.24,30.33,0.49,8.73,2.00
88436,-5.84,-3.29,26.87,0.50,8.73,1.87
88471,-4.33,-3.43,23.29,0.68,8.73,1.84
88506,-4.37,-4.52,19.76,0.82,8.73,1.93
88541,-2.24,-4.59,18.38,0.84,8.73,1.94
88576,0.51,-4.05,17.69,0.79,8.73,1.83
88611,5.01,-1.49,18.92,0.89,8.73,1.60
88646,9.34,0.09,19.41,1.15,8.73,1.42
88682,10.78,-2.04,21.69,1.41,8.73,1.42
88716,12.06,-4.97,25.12,1.40,8.73,1.55
88751,12.49,-8.05,28.50,1.27,8.73,1.62
88786,12.15,-8.70,31.67,1.07,8.73,1.52
88821,9.79,-7.24,34.23,1.04,8.73,1.39
88856,6.64,-5.15,36.41,1.10,8.73,1.23
88891,4.33,-6.68,36.81,1.26,8.73,1.26
88926,0.40,-7.04,35.88,1.36,8.73,1.39
88961,-3.20,-6.74,34.96,1.29,8.73,1.66
88996,-5.16,-8.68,31.37,1.07,8.73,1.82
89031,-6.33,-4.15,28.48,0.83,8.73,1.82
89066,-7.56,-2.57,25.88,0.65,8.73,1.65
89100,-5.81,-1.26,23.67,0.57,8.73,1.49
89135,-4.54,0.95,21.19,0.61,8.73,1.26
89170,-1.18,2.94,20.12,0.78,8.73,1.12
89205,1.65,0.81,18.70,1.00,8.73,1.14
89240,5.62,1.37,18.78,1.20,8.73,1.21
89275,9.44,-2.63,20.87,1.24,8.73,1.38
89310,12.11,-2.88,23.32,1.31,8.73,1.51
89350,12.80,-5.54,27.23,1.16,8.73,1.57
89386,13.02,-5.30,30.36,1.07,8.73,1.55
89420,11.86,-7.23,32.83,1.05,8.73,1.45
89455,8.93,-4.93,35.84,0.95,8.73,1.14
89490,6.34,-5.46,36.88,1.15,8.73,0.95
89526,2.14,-3.87,38.80,1.50,8.73,0.90
89560,0.12,-7.05,35.64,1.76,8.73,1.11
89595,-3.52,-7.21,33.95,1.74,8.73,1.43
89630,-6.86,-6.69,32.35,1.65,8.73,1.72
89665,-6.63,-6.95,28.50,1.47,8.73,1.87
89700,-6.92,-6.20,25.61,1.17,8.73,1.93
89735,-5.46,-3.04,23.12,1.06,8.73,1.89
89769,-2.73,-3.17,20.25,0.98,8.73,1.81
89804,1.46,-3.68,19.07,1.02,8.73,1.79
89839,7.80,-2.31,20.07,0.97,8.73,1.83
89874,9.95,-6.01,19.18,0.90,8.73,1.93
89909,10.42,-4.78,21.48,0.76,8.73,1.95
89944,11.67,-5.34,25.08,0.66,8.73,1.88
89979,12.61,-4.49,28.91,0.75,8.73,1.80
90014,12.82,-5.59,32.28,0.88,8.73,1.79
90049,9.63,-4.66,34.80,0.96,8.73,1.82
90084,8.07,-5.83,36.44,1.02,8.73,1.83
90119,4.03,-6.08,37.75,1.03,8.73,1.76
90154,0.92,-4.87,35.81,1.07,8.73,1.69
90189,-1.76,-4.43,35.05,1.17,8.73,1.64
90224,-4.57,-5.22,32.63,1.30,8.73,1.69
90259,-5.94,-5.03,30.35,1.36,8.73,1.83
90294,-6.24,-5.65,26.87,1.33,8.73,1.95
90329,-5.01,-4.65,23.68,1.15,8.73,1.98
90365,-4.98,-2.81,20.44,1.08,8.73,2.04
90399,-1.17,-4.84,19.42,0.99,8.73,2.02
90434,2.60,-4.92,19.36,0.89,8.73,2.09
90469,6.20,-4.81,19.40,0.76,8.73,2.14
90504,8.76,-5.75,20.90,0.57,8.73,2.14
90539,11.60,-6.34,24.60,0.46,8.73,2.00
90573,14.25,-7.19,26.84,0.24,8.73,1.78
90608,13.43,-4.06,29.78,0.13,8.73,1.55
90644,11.39,-6.36,32.87,0.31,8.73,1.37
90678,9.47,-3.18,36.60,0.42,8.73,1.19
90713,5.06,-5.21,36.73,0.63,8.73,1.20
90748,2.86,-3.37,38.97,0.86,8.73,1.20
90784,-1.39,-3.61,38.05,1.01,8.73,1.17
90818,-3.97,-6.24,35.98,1.09,8.73,1.32
90853,-5.42,-4.83,32.65,1.03,8.73,1.43
90888,-5.37,-2.16,28.57,0.89,8.73,1.39
90923,-4.19,0.46,24.58,0.66,8.73,1.10
90958,-3.17,5.32,22.59,0.73,8.73,0.85
90993,-1.01,5.27,20.51,1.02,8.73,0.62
91028,2.58,3.74,19.26,1.31,8.73,0.68
91063,6.25,2.55,19.29,1.63,8.73,0.91
91098,9.18,-1.59,18.92,1.72,8.73,1.29
91133,11.52,-3.28,21.27,1.75,8.73,1.57
91168,11.96,-6.42,24.29,1.56,8.73,1.78
91203,12.48,-5.46,28.03,1.45,8.73,1.94
91238,11.27,-8.01,31.23,1.36,8.73,2.05
91273,9.22,-8.46,33.58,1.27,8.73,2.13
91308,6.88,-8.06,37.09,1.13,8.73,2.05
91343,4.02,-8.38,37.76,1.09,8.73,2.12
91383,-0.15,-9.78,36.95,1.00,8.73,2.19
91418,-2.93,-5.93,34.88,0.92,8.73,2.18
91453,-5.33,-6.45,31.44,0.89,8.73,2.10
91488,-6.38,-5.05,27.98,0.90,8.73,2.06
91523,-7.15,-5.64,24.21,0.92,8.73,2.10
91558,-7.49,-6.02,21.45,0.95,8.73,2.28
91592,-4.63,-7.65,19.04,0.93,8.73,2.48
91627,-0.15,-9.94,17.83,0.74,8.73,2.68
91662,3.50,-8.42,17.03,0.51,8.73,2.66
91697,6.50,-7.56,17.20,0.29,8.73,2.48
91732,9.04,-7.01,18.80,0.28,8.73,2.22
91767,10.92,-4.30,23.48,0.23,8.73,2.01
91802,12.60,-3.52,26.98,0.44,8.73,1.85
91837,12.49,-3.59,31.11,0.57,8.73,1.75
91872,11.63,-6.36,34.30,0.72,8.73,1.77
91907,8.59,-5.56,37.79,0.86,8.73,1.76
91942,5.79,-4.92,38.53,0.87,8.73,1.73
91977,1.86,-6.34,38.05,1.00,8.73,1.70
92012,-1.06,-5.16,36.81,1.04,8.73,1.64
92047,-4.18,-4.75,34.06,1.18,8.73,1.67
92082,-6.69,-4.32,32.03,1.25,8.73,1.72
92117,-6.26,-4.57,27.56,1.16,8.73,1.76
92152,-5.53,-4.08,24.41,1.09,8.73,1.74
92188,-2.44,-1.27,21.99,1.04,8.73,1.65
92222,-0.22,0.19,20.16,1.05,8.73,1.48
92257,2.35,1.42,18.41,1.15,8.73,1.43
92292,4.83,-1.41,18.32,1.31,8.73,1.52
92327,6.95,-2.03,19.18,1.35,8.73,1.68
92362,10.84,-4.57,21.22,1.35,8.73,1.86
92397,12.99,-5.43,25.06,1.23,8.73,1.93
92432,13.63,-6.73,28.96,1.17,8.73,2.04
92467,12.49,-8.07,32.57,1.15,8.73,2.05
92502,9.82,-6.61,35.05,1.01,8.73,2.08
92537,6.37,-8.15,35.58,1.01,8.73,2.13
92572,3.61,-7.28,37.45,0.93,8.73,2.07
92607,0.15,-7.00,37.77,0.94,8.73,1.97
92642,-2.82,-6.25,34.83,0.91,8.73,1.89
92677,-5.65,-5.18,32.35,0.97,8.73,1.84
92713,-6.71,-5.36,28.74,0.93,8.73,1.84
92747,-6.64,-4.81,25.14,0.93,8.73,1.83
92782,-5.03,-2.60,22.26,0.84,8.73,1.76
92817,-2.73,-4.03,19.84,0.88,8.73,1.77
92852,0.56,-2.26,18.49,0.88,8.73,1.78
92887,4.67,-5.03,18.11,0.86,8.73,1.84
92922,7.03,-3.21,18.59,0.79,8.73,1.89
92957,9.73,-5.28,21.42,0.75,8.73,1.85
92992,12.18,-5.04,23.45,0.78,8.73,1.75
93027,12.49,-4.27,26.87,0.81,8.73,1.73
93062,13.15,-4.92,30.34,0.89,8.73,1.68
93097,12.16,-6.41,34.19,0.87,8.73,1.69
93132,8.81,-6.34,36.27,0.97,8.73,1.64
93167,5.14,-5.63,34.99,1.00,8.73,1.63
93202,1.94,-5.90,36.26,1.06,8.73,1.69
93237,-0.96,-6.14,34.22,1.00,8.73,1.79
93272,-4.28,-6.08,33.22,0.99,8.73,1.83
93307,-6.55,-3.50,31.55,1.02,8.73,1.84
93342,-5.50,-4.74,27.44,1.02,8.73,1.84
93377,-6.19,-3.68,24.25,0.99,8.73,1.89
93417,-5.15,-4.56,21.27,1.04,8.73,1.96
93452,0.21,-4.07,19.02,0.94,8.73,1.97
93487,2.88,-5.22,17.30,0.87,8.73,1.98
93522,5.23,-2.73,16.20,0.83,8.73,1.96
93557,6.48,-4.66,18.30,0.79,8.73,1.92
93592,9.62,-5.36,20.29,0.73,8.73,1.87
93627,12.99,-4.98,24.13,0.70,8.73,1.80
93662,13.89,-6.00,28.02,0.62,8.73,1.72
93697,12.86,-5.96,30.26,0.63,8.73,1.58
93732,10.93,-6.22,33.11,0.61,8.73,1.43
93767,8.49,-3.85,35.22,0.70,8.73,1.25
93802,4.74,-5.10,36.38,0.86,8.73,1.18
93838,1.23,-4.34,36.24,1.07,8.73,1.26
93872,-2.73,-5.62,36.44,1.13,8.73,1.40
93906,-5.08,-4.62,35.06,1.12,8.73,1.54
93941,-6.17,-4.81,31.22,1.13,8.73,1.63
93976,-6.02,-4.92,27.12,0.95,8.73,1.61
94011,-4.21,-1.05,24.28,0.88,8.73,1.56
94046,-2.84,-0.79,20.46,0.91,8.73,1.43
94081,-0.26,-0.32,18.05,1.02,8.73,1.41
94116,2.49,0.35,17.37,1.13,8.73,1.42
94151,6.09,-0.81,18.39,1.23,8.73,1.54
94186,8.59,-1.80,18.58,1.30,8.73,1.66
94221,11.05,-4.90,21.02,1.28,8.73,1.80
94256,12.02,-5.78,24.47,1.23,8.73,1.87
94290,12.82,-5.76,27.06,1.16,8.73,1.92
94324,11.95,-6.79,30.05,1.08,8.73,1.98
94359,9.89,-7.19,32.63,1.00,8.73,1.99
94394,7.62,-7.23,35.72,0.93,8.73,1.96
94429,4.35,-7.13,36.43,0.83,8.73,1.92
94464,0.70,-7.75,36.08,0.71,8.73,1.98
94499,-2.34,-6.21,35.32,0.55,8.73,2.07
94534,-5.25,-6.18,33.52,0.31,8.73,2.06
94569,-5.65,-2.98,29.72,0.17,8.73,1.88
94603,-6.82,-0.75,26.86,0.20,8.73,1.70
94638,-4.77,-0.36,23.87,0.41,8.73,1.64
94672,-4.72,-2.88,19.99,0.64,8.73,1.75
94706,-0.77,-4.37,18.13,0.68,8.73,1.94
94741,2.97,-7.43,16.85,0.61,8.73,2.13
94776,7.56,-7.25,17.09,0.43,8.73,2.19
94811,9.03,-7.64,17.96,0.29,8.73,2.08
94847,10.93,-7.27,20.47,0.19,8.73,1.94
94881,11.25,-4.42,23.48,0.21,8.73,1.71
94916,12.22,-4.62,27.46,0.39,8.73,1.59
94951,12.05,-3.51,31.46,0.61,8.73,1.56
94986,9.73,-6.38,34.76,0.80,8.73,1.63
95021,7.51,-5.10,37.11,0.87,8.73,1.66
95056,3.57,-7.20,36.22,0.95,8.73,1.75
95091,0.18,-5.24,37.27,0.99,8.73,1.76
95126,-2.36,-5.54,33.27,1.01,8.73,1.75
95161,-5.05,-4.67,31.85,1.05,8.73,1.75
95196,-6.69,-4.13,28.84,1.08,8.73,1.77
95231,-6.98,-4.46,25.25,1.06,8.73,1.79
95266,-5.65,-3.78,22.22,1.01,8.73,1.81
95301,-4.33,-1.45,19.27,0.96,8.73,1.72
95336,-0.14,-2.53,17.39,0.98,8.73,1.69
95372,1.88,-1.14,17.23,1.02,8.73,1.69
95406,4.55,-2.27,17.08,1.08,8.73,1.70
95446,8.51,-3.09,18.03,1.18,8.73,1.75
95481,10.82,-4.74,21.99,1.13,8.73,1.84
95517,12.73,-4.29,25.55,1.14,8.73,1.92
95551,12.73,-5.24,29.21,1.08,8.73,2.01
95586,11.13,-7.96,32.54,1.11,8.73,2.09
95621,9.25,-7.69,35.30,1.01,8.73,2.12
95656,5.67,-7.86,35.86,0.95,8.73,2.12
95691,1.98,-7.17,36.46,0.89,8.73,2.02
95726,-0.54,-5.57,36.01,1.00,8.73,1.87
95761,-3.15,-5.00,33.77,1.20,8.73,1.78
95796,-6.18,-5.09,31.68,1.46,8.73,1.76
95832,-6.50,-7.21,27.04,1.58,8.73,1.93
95866,-6.67,-6.90,23.86,1.51,8.73,2.07
95901,-6.03,-5.99,20.65,1.32,8.73,2.06
95936,-3.34,-2.29,18.80,1.13,8.73,1.90
95971,0.42,-2.83,17.96,1.12,8.73,1.72
96006,4.74,-0.03,18.94,1.18,8.73,1.62
96040,6.89,-1.97,18.85,1.31,8.73,1.67
96075,9.42,-2.63,20.71,1.33,8.73,1.78
96110,11.77,-6.37,23.58,1.32,8.73,1.90
96144,12.59,-6.52,27.36,1.20,8.73,1.95
96179,12.51,-7.79,30.79,1.08,8.73,2.02
96214,11.15,-7.97,33.73,1.01,8.73,1.98
96248,7.85,-8.54,36.30,0.94,8.73,1.99
96283,5.51,-7.49,37.16,0.87,8.73,2.01
96318,1.30,-8.33,37.82,0.76,8.73,2.08
96353,-1.35,-5.70,35.67,0.63,8.73,2.10
96388,-3.85,-6.28,32.76,0.50,8.73,2.01
96423,-5.60,-3.23,30.72,0.44,8.73,1.84
96457,-6.29,-2.87,27.35,0.44,8.73,1.71
96492,-5.32,-0.93,24.56,0.53,8.73,1.57
96527,-5.19,-1.39,21.31,0.69,8.73,1.48
96562,-3.04,0.84,19.46,0.78,8.73,1.40
96597,1.15,-0.97,18.81,0.93,8.73,1.35
96632,5.51,0.73,18.83,1.13,8.73,1.23
96667,9.27,-1.19,18.91,1.31,8.73,1.25
96702,11.53,-2.55,22.28,1.45,8.73,1.39
96737,12.40,-6.78,24.44,1.32,8.73,1.52
96772,12.54,-7.00,28.32,1.17,8.73,1.56
96808,11.74,-8.17,31.80,1.05,8.73,1.47
96843,9.71,-6.37,34.87,0.99,8.73,1.28
96878,6.31,-5.25,36.37,1.11,8.73,1.12
96912,4.33,-6.52,37.34,1.36,8.73,1.08
96947,-0.14,-4.83,37.55,1.61,8.73,1.25
96982,-2.94,-6.59,34.85,1.72,8.73,1.46
97017,-5.35,-7.82,32.90,1.64,8.73,1.72
97052,-6.55,-6.55,29.22,1.51,8.73,1.95
97087,-6.82,-6.83,25.93,1.35,8.73,2.04
97122,-5.92,-5.72,23.41,1.20,8.73,2.13
97156,-3.76,-3.57,20.75,1.09,8.73,2.13
97191,0.27,-4.96,19.33,0.99,8.73,2.07
97225,3.97,-3.05,18.90,0.95,8.73,1.99
97260,7.06,-4.75,19.10,0.90,8.73,1.96
97295,10.58,-5.17,19.52,0.85,8.73,1.94
97330,12.18,-6.87,22.78,0.64,8.73,1.92
97366,12.89,-6.11,25.78,0.51,8.73,1.79
97400,12.90,-5.15,28.39,0.45,8.73,1.64
97435,11.09,-4.31,31.77,0.58,8.73,1.57
97475,8.69,-4.71,35.67,0.73,8.73,1.60
97510,5.45,-6.42,36.94,0.79,8.73,1.75
97545,2.43,-5.12,37.00,0.73,8.73,1.82
97580,-1.85,-5.76,35.86,0.61,8.73,1.81
97615,-3.13,-3.51,34.31,0.62,8.73,1.70
97650,-5.75,-2.71,31.09,0.52,8.73,1.63
97685,-7.04,-2.93,27.93,0.48,8.73,1.50
97720,-6.20,0.23,25.39,0.50,8.73,1.38
97755,-5.24,0.77,22.28,0.66,8.73,1.32
97789,-3.46,-0.17,19.44,0.88,8.73,1.37
97825,0.79,-1.02,18.26,0.99,8.73,1.54
97859,5.08,-3.84,17.89,1.00,8.73,1.69
97894,8.58,-3.76,18.31,0.95,8.73,1.79
97929,10.71,-5.50,19.73,0.89,8.73,1.84
97964,12.06,-5.91,22.93,0.85,8.73,1.84
97999,12.85,-4.47,25.84,0.90,8.73,1.82
98034,12.24,-6.18,29.45,0.99,8.73,1.92
98068,11.08,-6.87,32.52,0.99,8.73,1.96
98103,7.50,-8.00,35.55,0.97,8.73,2.00
98137,5.23,-6.73,36.61,0.88,8.73,1.97
98172,1.87,-8.02,36.70,0.89,8.73,1.97
98207,-1.87,-5.73,35.92,0.89,8.73,1.92
98242,-3.92,-7.39,32.74,0.86,8.73,1.94
98276,-5.83,-5.14,31.16,0.81,8.73,1.92
98311,-7.27,-4.25,27.64,0.82,8.73,1.87
98347,-6.35,-3.24,24.26,0.83,8.73,1.87
98382,-6.17,-3.90,21.07,0.90,8.73,1.85
98416,-1.89,-2.18,18.73,0.87,8.73,1.82
98451,1.74,-4.32,16.93,0.91,8.73,1.78
98486,4.81,-1.68,17.46,0.96,8.73,1.71
98521,8.28,-1.90,18.20,1.02,8.73,1.67
98556,10.62,-3.00,20.10,1.16,8.73,1.69
98591,12.60,-3.50,24.72,1.26,8.73,1.76
98626,13.66,-5.19,27.13,1.29,8.73,1.89
98661,12.55,-7.53,30.39,1.31,8.73,1.99
98696,9.90,-6.85,32.98,1.16,8.73,2.02
98731,8.61,-7.38,35.41,1.15,8.73,1.95
98766,4.56,-7.08,36.82,1.12,8.73,1.89
98801,1.02,-6.78,36.46,1.14,8.73,1.86
98836,-1.91,-6.53,34.77,1.21,8.73,1.85
98871,-4.63,-5.94,32.65,1.30,8.73,1.86
98905,-6.44,-6.09,28.95,1.28,8.73,1.97
98940,-6.40,-6.05,25.19,1.19,8.73,2.04
98975,-4.56,-5.65,21.70,1.15,8.73,2.13
99010,-4.37,-5.98,18.41,1.07,8.73,2.24
99045,-1.56,-6.53,16.76,0.98,8.73,2.34
99080,2.12,-6.74,17.01,0.80,8.73,2.35
99115,3.83,-4.96,16.09,0.69,8.73,2.19
99150,6.96,-4.41,18.10,0.64,8.73,2.10
99185,10.52,-3.52,20.82,0.67,8.73,1.94
99219,12.62,-4.08,23.26,0.75,8.73,1.85
99254,12.90,-4.98,28.14,0.80,8.73,1.79
99289,12.30,-5.72,31.44,0.81,8.73,1.74
99325,10.60,-6.44,33.85,0.75,8.73,1.59
99360,7.77,-5.57,36.38,0.84,8.73,1.36
99395,4.57,-5.15,37.36,0.98,8.73,1.19
99429,0.88,-5.12,36.99,1.16,8.73,1.26
99464,-1.33,-5.71,34.11,1.10,8.73,1.46
99504,-6.01,-5.69,32.63,0.84,8.73,1.65
99539,-5.55,-3.10,28.23,0.67,8.73,1.67
99574,-6.19,-1.95,24.34,0.61,8.73,1.56
99609,-4.62,0.60,22.09,0.72,8.73,1.53
99644,-4.29,-0.93,19.83,0.89,8.73,1.62
99678,0.31,-1.71,18.17,0.97,8.73,1.74
99713,3.18,-3.46,17.27,0.99,8.73,1.90
99747,6.23,-4.64,16.63,0.93,8.73,2.02
99782,9.15,-4.40,17.82,0.85,8.73,2.02
99817,11.05,-5.26,20.43,0.81,8.73,2.01
99852,12.16,-4.23,23.40,0.86,8.73,1.95
99887,13.13,-3.78,26.52,0.99,8.73,1.98
99922,12.27,-5.39,29.49,1.04,8.73,2.09
99957,10.14,-6.95,32.53,1.02,8.73,2.14
99992,7.36,-7.36,34.87,0.93,8.73,2.08
100027,4.31,-6.57,35.84,0.86,8.73,1.91
100061,0.74,-6.05,35.70,0.92,8.73,1.77
100096,-2.48,-5.26,34.69,1.10,8.73,1.64
100131,-5.29,-3.37,32.02,1.37,8.73,1.57
100165,-6.46,-4.91,28.58,1.66,8.73,1.67
100199,-5.74,-8.05,24.93,1.63,8.73,1.80
100234,-7.73,-5.77,22.62,1.31,8.73,1.81
100268,-3.65,-1.43,20.04,1.08,8.73,1.64
100302,0.36,1.34,18.56,1.08,8.73,1.31
100338,2.93,1.81,17.25,1.21,8.73,1.16
100372,5.69,0.98,19.18,1.45,8.73,1.15
100407,8.15,-1.05,18.24,1.63,8.73,1.34
100442,9.43,-2.84,20.83,1.61,8.73,1.61
100477,11.95,-6.25,23.85,1.54,8.73,1.80
100512,13.40,-7.56,26.34,1.33,8.73,1.87
100547,12.63,-7.94,30.06,1.16,8.73,1.88
100582,10.00,-6.88,32.44,1.01,8.73,1.82
100617,8.82,-7.28,34.03,0.98,8.73,1.79
100652,5.19,-7.56,35.03,0.94,8.73,1.87
100687,0.80,-7.80,34.96,0.86,8.73,2.01
100721,-1.85,-7.00,33.92,0.64,8.73,2.14
100756,-4.35,-6.67,31.28,0.39,8.73,2.15
100791,-5.49,-3.77,28.99,0.23,8.73,2.00
100826,-6.33,-2.25,25.60,0.40,8.73,1.84
100862,-7.72,-2.11,23.24,0.60,8.73,1.87
100896,-6.12,-4.02,20.48,0.79,8.73,2.01
100931,-3.26,-7.04,17.53,0.78,8.73,2.13
100966,2.16,-6.20,16.90,0.70,8.73,2.16
101001,6.56,-4.06,16.76,0.61,8.73,2.03
101036,9.27,-2.95,17.61,0.62,8.73,1.87
101071,10.77,-3.16,19.42,0.73,8.73,1.72
101106,11.95,-2.66,22.00,0.86,8.73,1.65
101141,12.35,-4.37,24.61,1.03,8.73,1.67
101176,11.84,-5.01,28.27,1.08,8.73,1.69
101211,11.42,-6.12,31.11,1.02,8.73,1.69
101246,8.42,-5.60,33.53,1.02,8.73,1.67
101281,5.48,-6.45,34.93,1.05,8.73,1.61
101317,1.92,-4.62,36.36,1.22,8.73,1.44
101351,-0.73,-4.71,35.56,1.54,8.73,1.32
101386,-3.49,-6.86,32.66,1.75,8.73,1.45
101421,-5.46,-7.06,29.78,1.70,8.73,1.72
101455,-6.78,-6.97,26.86,1.52,8.73,1.91
101489,-7.58,-6.03,24.29,1.33,8.73,2.02
101529,-6.01,-5.06,20.90,1.19,8.73,2.08
101563,-2.71,-2.86,18.13,1.09,8.73,2.09
101597,1.42,-5.07,16.46,1.04,8.73,2.08
101632,5.25,-4.56,16.82,0.92,8.73,2.13
101667,8.10,-4.64,17.01,0.82,8.73,2.07
101701,9.80,-5.03,18.44,0.82,8.73,1.97
101736,11.47,-3.44,21.56,0.83,8.73,1.91
101771,12.22,-3.85,24.14,0.88,8.73,1.89
101805,13.28,-4.98,27.52,0.87,8.73,1.92
101840,10.23,-6.81,30.92,0.83,8.73,1.90
101875,9.14,-6.10,33.68,0.75,8.73,1.81
101910,6.63,-5.43,35.98,0.70,8.73,1.72
101945,2.02,-6.06,35.99,0.68,8.73,1.69
101979,-0.25,-4.27,35.86,0.67,8.73,1.66
102014,-2.89,-5.59,32.84,0.64,8.73,1.68
102049,-5.37,-3.93,29.80,0.54,8.73,1.63
102084,-5.49,-1.98,26.83,0.46,8.73,1.50
102119,-7.36,0.40,25.00,0.49,8.73,1.34
102155,-5.71,0.58,21.69,0.66,8.73,1.33
102189,-3.70,-0.07,18.56,0.90,8.73,1.40
102224,1.29,-1.52,17.21,1.03,8.73,1.55
102259,3.02,-3.11,15.32,1.06,8.73,1.68
102294,5.82,-3.15,16.52,1.09,8.73,1.72
102330,8.34,-1.20,17.78,1.22,8.73,1.67
102365,10.29,-0.73,20.41,1.51,8.73,1.69
102399,11.31,-3.25,23.49,1.71,8.73,1.90
102434,11.33,-7.33,27.60,1.66,8.73,2.09
102469,11.14,-9.87,31.82,1.43,8.73,2.22
102504,10.94,-8.09,35.75,1.16,8.73,2.06
102539,4.95,-8.73,35.30,1.00,8.73,1.89
102573,2.64,-6.68,35.59,1.09,8.73,1.71
102608,-0.06,-7.72,36.09,1.18,8.73,1.69
102643,-3.75,-7.81,35.01,1.08,8.73,1.85
102677,-6.39,-7.11,31.98,0.84,8.73,1.96
102712,-5.63,-4.95,27.58,0.54,8.73,1.88
102747,-8.13,-2.36,25.21,0.39,8.73,1.68
102781,-6.67,-2.51,22.07,0.44,8.73,1.57
102816,-1.47,-0.71,19.92,0.59,8.73,1.63
102851,1.34,-3.58,16.47,0.70,8.73,1.68
102886,4.01,-3.67,17.27,0.71,8.73,1.74
102921,6.94,-3.23,17.22,0.68,8.73,1.76
102956,10.30,-5.04,18.39,0.68,8.73,1.74
102991,12.12,-4.03,21.94,0.67,8.73,1.70
103026,11.99,-4.43,24.03,0.70,8.73,1.65
103060,12.70,-5.42,27.09,0.77,8.73,1.60
103094,11.61,-5.39,30.29,0.93,8.73,1.61
103129,9.26,-5.68,32.58,0.97,8.73,1.61
103164,7.62,-5.72,35.36,0.99,8.73,1.62
103199,3.55,-6.96,35.43,1.09,8.73,1.61
103235,0.37,-5.21,36.08,1.22,8.73,1.58
103269,-2.57,-4.83,33.81,1.35,8.73,1.61
103304,-4.58,-6.39,30.86,1.42,8.73,1.72
103339,-5.64,-5.66,28.36,1.44,8.73,1.87
103374,-6.77,-7.04,24.94,1.36,8.73,2.02
103409,-4.98,-5.80,22.16,1.27,8.73,2.15
103444,-4.17,-6.29,18.98,1.19,8.73,2.29
103479,-0.88,-5.43,17.99,1.09,8.73,2.39
103513,0.83,-7.14,16.81,0.92,8.73,2.36
103553,5.09,-4.81,16.73,0.82,8.73,2.23
103589,8.36,-2.34,19.01,0.86,8.73,2.07
103623,11.69,-3.91,21.79,0.96,8.73,2.01
103658,12.03,-4.61,25.74,1.01,8.73,2.02
103693,12.49,-4.47,28.73,1.04,8.73,2.08
103727,12.81,-7.45,32.16,1.00,8.73,2.13
103762,8.62,-7.24,34.58,0.91,8.73,2.08
103797,5.58,-6.65,35.26,0.82,8.73,1.99
103831,3.18,-5.43,36.26,0.80,8.73,1.88
103866,-0.59,-6.95,35.30,0.77,8.73,1.82
103900,-2.79,-4.96,33.07,0.78,8.73,1.77
103934,-5.13,-4.44,30.98,0.77,8.73,1.72
103968,-6.32,-2.98,28.35,0.77,8.73,1.68
104002,-8.75,-2.00,26.10,0.77,8.73,1.62
104036,-7.03,-1.43,22.88,0.87,8.73,1.60
104070,-4.09,-3.06,19.11,0.97,8.73,1.62
104104,0.58,-1.01,18.06,1.02,8.73,1.63
104139,2.71,-2.28,17.04,1.05,8.73,1.65
104173,5.23,-2.80,16.11,1.09,8.73,1.64
104207,8.14,-2.65,17.76,1.11,8.73,1.70
104242,10.65,-4.62,20.25,1.10,8.73,1.76
104276,12.26,-5.87,22.71,0.98,8.73,1.85
104311,13.28,-6.81,26.53,0.88,8.73,1.88
104345,12.21,-6.04,30.05,0.89,8.73,1.92
104380,10.43,-6.87,32.36,0.87,8.73,2.03
104414,8.66,-6.41,34.14,0.86,8.73,2.25
104449,4.97,-8.49,33.16,0.71,8.73,2.47
104484,1.53,-8.93,34.29,0.43,8.73,2.61
104519,-1.57,-6.37,34.11,0.17,8.73,2.49
104554,-4.75,-4.95,33.42,0.13,8.73,2.24
104589,-5.98,-4.10,31.29,0.14,8.73,2.01
104623,-6.57,-3.84,26.81,0.27,8.73,1.88
104657,-7.07,-2.26,23.67,0.41,8.73,1.82
104692,-4.34,-3.07,20.35,0.52,8.73,1.79
104726,-1.66,-3.50,17.37,0.59,8.73,1.78
104761,1.67,-4.19,15.54,0.59,8.73,1.80
104796,3.64,-4.86,15.51,0.50,8.73,1.87
104832,7.24,-6.45,15.77,0.38,8.73,1.90
104866,10.41,-5.47,17.81,0.29,8.73,1.78
104901,11.73,-3.81,21.37,0.28,8.73,1.62
104936,12.87,-3.79,24.35,0.42,8.73,1.45
104971,12.62,-2.78,27.22,0.69,8.73,1.40
105006,11.17,-3.62,30.12,0.92,8.73,1.49
105041,8.85,-5.51,32.12,1.02,8.73,1.58
105075,5.77,-5.65,33.29,1.02,8.73,1.62
105110,3.28,-4.64,33.54,1.09,8.73,1.53
105145,-0.26,-4.86,33.58,1.24,8.73,1.44
105179,-3.30,-4.88,31.99,1.42,8.73,1.48
105214,-5.25,-5.26,30.17,1.54,8.73,1.61
105249,-6.08,-6.45,27.69,1.52,8.73,1.80
105284,-6.71,-6.70,24.16,1.41,8.73,1.95
105319,-5.01,-4.48,20.23,1.28,8.73,2.05
105353,-3.86,-4.34,16.76,1.19,8.73,2.10
105387,-2.36,-5.95,15.11,1.07,8.73,2.10
105422,0.09,-3.90,14.55,0.93,8.73,2.06
105457,5.40,-3.32,14.99,0.88,8.73,2.00
105491,10.06,-2.20,16.44,0.92,8.73,1.91
105526,11.52,-3.98,18.09,0.92,8.73,1.85
105566,11.71,-3.60,19.96,0.91,8.73,1.84
105601,12.57,-4.87,23.26,0.87,8.73,1.83
105636,12.24,-6.01,27.16,0.78,8.73,1.78
105671,10.56,-6.27,30.75,0.74,8.73,1.68
105706,7.64,-5.61,33.16,0.80,8.73,1.63
105741,4.71,-5.35,33.41,0.82,8.73,1.62
105776,2.11,-5.32,34.06,0.84,8.73,1.64
105811,-1.01,-5.45,33.18,0.79,8.73,1.67
105847,-4.62,-5.28,31.30,0.78,8.73,1.68
105881,-6.03,-3.99,28.83,0.79,8.73,1.66
105916,-6.55,-3.27,25.81,0.87,8.73,1.65
105951,-7.13,-3.11,22.52,0.95,8.73,1.69
105986,-5.42,-2.89,18.53,0.97,8.73,1.75
106021,-4.31,-1.94,15.47,0.94,8.73,1.78
106056,-0.56,-3.07,14.67,0.93,8.73,1.82
106091,2.13,-2.87,14.15,0.88,8.73,1.80
106126,5.08,-2.83,13.53,0.86,8.73,1.77
106161,7.81,-2.46,14.64,0.88,8.73,1.77
106196,10.41,-2.97,17.68,0.93,8.73,1.74
106231,12.73,-1.99,19.57,0.99,8.73,1.75
106266,13.25,-3.20,22.35,1.08,8.73,1.82
106302,12.03,-5.47,25.76,1.11,8.73,1.92
106337,10.74,-6.54,28.61,1.01,8.73,1.92
106371,8.55,-6.47,31.23,0.90,8.73,1.81
106406,5.36,-5.54,32.04,0.82,8.73,1.62
106441,2.37,-5.00,32.98,0.88,8.73,1.45
106476,-0.45,-5.34,32.63,1.03,8.73,1.42
106511,-2.83,-5.13,31.06,1.12,8.73,1.44
106545,-5.65,-5.36,28.76,1.07,8.73,1.54
106580,-6.20,-3.49,25.42,1.02,8.73,1.58
106615,-6.57,-3.47,21.98,0.89,8.73,1.56
106650,-5.40,-1.52,19.22,0.79,8.73,1.48
106685,-4.82,-0.45,16.87,0.82,8.73,1.46
106720,-2.81,-0.68,15.01,0.89,8.73,1.46
106755,0.43,-2.96,14.48,0.94,8.73,1.58
106790,3.35,-2.79,14.22,0.94,8.73,1.73
106825,7.03,-3.07,15.59,0.92,8.73,1.77
106861,9.76,-5.00,17.43,0.90,8.73,1.77
106895,11.85,-5.13,20.35,0.89,8.73,1.76
106930,12.77,-4.68,23.92,0.86,8.73,1.74
106965,12.24,-5.57,26.83,0.90,8.73,1.74
107000,11.25,-5.91,29.42,0.86,8.73,1.74
107035,8.78,-5.53,31.93,0.83,8.73,1.76
107070,5.42,-6.48,32.66,0.81,8.73,1.76
107105,2.50,-6.77,33.73,0.78,8.73,1.77
107140,-0.62,-6.11,32.59,0.69,8.73,1.80
107174,-3.27,-6.01,30.30,0.59,8.73,1.78
107209,-4.98,-4.73,27.86,0.37,8.73,1.72
107243,-5.94,-3.26,25.60,0.23,8.73,1.57
107278,-7.72,-0.68,23.65,0.18,8.73,1.34
107314,-5.78,1.79,21.27,0.29,8.73,1.19
107348,-4.55,1.82,18.10,0.51,8.73,1.09
107382,-2.09,2.06,16.01,0.73,8.73,1.04
107417,0.93,0.99,15.26,0.92,8.73,1.03
107452,4.53,0.89,14.71,1.11,8.73,1.14
107486,7.62,-1.33,16.56,1.23,8.73,1.26
107520,10.29,-3.27,17.91,1.28,8.73,1.39
107555,11.20,-4.45,20.14,1.25,8.73,1.50
107594,12.47,-5.50,23.47,1.18,8.73,1.55
107629,11.97,-5.77,26.71,1.17,8.73,1.59
107663,10.19,-6.30,29.84,1.16,8.73,1.63
107698,8.87,-6.51,32.87,1.12,8.73,1.60
107732,6.11,-7.04,33.42,1.13,8.73,1.54
107766,2.96,-6.25,33.44,1.25,8.73,1.44
107801,-0.42,-6.68,33.23,1.37,8.73,1.48
107836,-3.41,-6.25,31.15,1.41,8.73,1.63
107871,-5.91,-6.48,28.49,1.35,8.73,1.77
107906,-7.48,-6.42,25.70,1.24,8.73,1.91
107940,-7.51,-5.80,23.21,1.07,8.73,1.98
107975,-6.16,-4.74,20.89,0.95,8.73,2.02
108010,-4.32,-5.63,18.38,0.86,8.73,2.03
108045,-1.36,-6.08,15.54,0.74,8.73,2.14
108079,2.55,-7.69,14.17,0.58,8.73,2.34
108113,5.93,-8.81,14.24,0.33,8.73,2.39
108148,8.14,-7.94,14.82,0.11,8.73,2.31
108183,9.58,-5.98,17.84,-0.02,8.73,2.09
108218,11.68,-3.95,21.74,0.10,8.73,1.81
108253,13.25,-3.39,25.18,0.28,8.73,1.62
108288,13.03,-4.17,28.53,0.44,8.73,1.49
108323,10.73,-4.36,31.52,0.50,8.73,1.34
108359,7.58,-4.12,33.34,0.64,8.73,1.25
108393,5.47,-4.04,34.14,0.76,8.73,1.21
108428,2.55,-4.88,35.67,0.84,8.73,1.26
108463,-1.80,-4.53,33.38,0.79,8.73,1.41
108497,-5.15,-5.34,31.32,0.63,8.73,1.51
108531,-6.38,-3.79,29.31,0.32,8.73,1.53
108565,-6.17,-0.86,26.65,0.12,8.73,1.36
108600,-6.46,2.56,24.50,0.11,8.73,1.12
108635,-4.35,4.03,21.23,0.31,8.73,0.97
108670,-3.15,2.88,17.53,0.61,8.73,1.03
108704,-0.79,-1.18,15.08,0.83,8.73,1.27
108739,1.58,-3.38,14.10,0.85,8.73,1.58
108774,5.55,-4.32,14.09,0.75,8.73,1.76
108809,8.97,-4.66,15.40,0.65,8.73,1.82
108844,11.04,-4.35,17.36,0.55,8.73,1.79
108879,12.03,-3.36,20.80,0.61,8.73,1.69
108914,11.58,-2.07,23.89,0.78,8.73,1.70
108949,11.83,-3.74,26.83,1.01,8.73,1.86
108984,10.08,-6.01,29.44,1.09,8.73,2.08
109019,7.75,-6.51,32.49,1.07,8.73,2.28
109054,5.02,-6.13,32.94,0.91,8.73,2.36
109089,2.24,-7.07,33.62,0.82,8.73,2.34
109124,-1.00,-7.23,33.64,0.75,8.73,2.24
109159,-4.21,-6.19,31.20,0.77,8.73,2.15
109194,-4.93,-4.62,27.26,0.91,8.73,2.12
109229,-5.87,-4.39,24.01,1.13,8.73,2.18
109264,-7.74,-5.73,21.28,1.38,8.73,2.41
109298,-7.41,-9.36,17.99,1.43,8.73,2.76
109333,-5.94,-11.31,15.23,1.17,8.73,3.00
109369,-2.94,-9.58,13.72,0.76,8.73,2.95
109403,-0.16,-6.90,13.16,0.42,8.73,2.71
109438,5.00,-4.44,14.59,0.24,8.73,2.38
109473,9.03,-3.27,15.57,0.19,8.73,2.05
109507,11.46,-3.48,17.73,0.23,8.73,1.78
109542,12.00,-4.06,20.23,0.18,8.73,1.56
109577,11.03,-3.17,24.25,0.07,8.73,1.36
109617,11.45,-4.94,29.44,0.17,8.73,1.00
109652,10.21,-1.43,35.15,0.35,8.73,0.59
109687,7.29,-1.86,37.42,0.72,8.73,0.43
109722,4.18,-1.05,39.48,1.28,8.73,0.49
109757,0.16,-1.22,39.18,1.63,8.73,0.72
109792,-3.22,-3.80,37.51,2.01,8.73,1.01
109827,-5.97,-4.47,35.08,2.20,8.73,1.40
109862,-8.57,-5.40,32.28,2.28,8.73,1.85
109897,-9.57,-9.01,28.12,2.31,8.73,2.40
109932,-6.64,-10.79,22.82,1.98,8.73,2.68
109967,-2.75,-8.87,19.93,1.67,8.73,2.84
110002,3.94,-9.17,20.57,1.34,8.73,2.84
110037,8.74,-4.57,21.44,1.13,8.73,2.56
110072,11.07,-5.48,21.34,0.90,8.73,2.49
110107,11.69,-7.16,23.85,0.80,8.73,2.43
110142,12.49,-4.29,27.67,0.70,8.73,2.25
110177,14.44,-5.09,30.24,0.58,8.73,2.17
110212,10.98,-8.35,33.45,0.53,8.73,1.93
110247,9.75,-3.62,37.00,0.44,8.73,1.56
110282,6.06,-4.63,36.95,0.50,8.73,1.14
110317,2.53,-0.18,38.05,0.87,8.73,0.82
110352,0.70,-2.00,36.28,1.16,8.73,0.78
110387,-3.98,-3.22,34.85,1.40,8.73,0.96
110422,-5.32,-3.44,31.59,1.43,8.73,1.17
110457,-5.84,-3.66,27.21,1.42,8.73,1.32
110492,-6.34,-1.81,22.33,1.27,8.73,1.34
110527,-3.06,1.42,19.51,1.32,8.73,1.36
110562,-2.72,0.66,16.80,1.35,8.73,1.32
110598,1.04,0.35,15.80,1.41,8.73,1.30
110632,2.39,-0.18,14.08,1.48,8.73,1.38
110667,5.73,-2.03,15.42,1.47,8.73,1.68
110702,9.03,-4.45,17.11,1.40,8.73,1.88
110737,10.94,-4.86,18.85,1.30,8.73,2.01
110772,11.85,-4.94,20.39,1.18,8.73,2.12
110807,12.20,-6.39,23.42,1.06,8.73,2.21
110843,11.22,-7.16,26.90,0.95,8.73,2.31
110877,10.34,-7.64,29.82,0.78,8.73,2.36
110912,8.49,-7.94,31.87,0.62,8.73,2.39
110947,4.75,-8.27,32.95,0.42,8.73,2.38
110982,1.21,-7.14,32.54,0.18,8.73,2.24
111017,-1.82,-5.20,31.93,0.09,8.73,1.99
111052,-4.94,-3.83,31.38,0.07,8.73,1.72
111087,-6.19,-2.48,28.85,0.11,8.73,1.50
111122,-6.81,-1.86,26.14,0.19,8.73,1.30
111157,-8.03,0.43,24.24,0.35,8.73,1.10
111192,-7.09,1.61,21.70,0.52,8.73,0.94
111226,-4.94,2.15,18.99,0.76,8.73,0.75
111261,0.17,5.19,18.45,1.08,8.73,0.62
111296,3.20,4.02,18.48,1.48,8.73,0.52
111332,6.60,3.12,19.11,1.83,8.73,0.81
111366,10.69,-2.05,21.86,2.00,8.73,1.30
111401,12.29,-7.00,25.36,1.93,8.73,1.75
111436,12.97,-8.82,29.44,1.75,8.73,2.00
111471,11.97,-8.76,32.42,1.49,8.73,2.22
111506,10.42,-11.74,35.49,1.30,8.73,2.41
111541,6.90,-10.77,38.04,1.12,8.73,2.59
111576,3.84,-10.66,39.44,0.75,8.73,2.74
111611,-0.38,-10.68,38.59,0.42,8.73,2.68
111651,-4.27,-8.86,38.27,0.11,8.73,2.43
111686,-6.77,-7.47,35.62,-0.24,8.73,2.14
111721,-5.83,-2.00,32.71,-0.61,8.73,1.62
111756,-11.65,3.97,33.06,-0.55,8.73,0.96
111791,-8.01,8.89,29.84,-0.01,8.73,0.54
111826,-0.13,5.44,26.70,0.69,8.73,0.64
111861,5.53,-0.04,25.61,1.10,8.73,0.95
111896,10.55,-6.41,27.03,1.23,8.73,1.37
111931,13.20,-8.83,28.56,1.15,8.73,1.66
111966,14.23,-7.38,32.24,1.25,8.73,1.74
112001,14.91,-7.13,35.07,1.42,8.73,1.96
112036,9.81,-10.00,38.53,1.56,8.73,2.33
112071,9.04,-12.22,41.45,1.43,8.73,2.72
112106,6.05,-13.65,40.97,1.10,8.73,2.94
112141,1.92,-13.64,41.31,0.74,8.73,2.89
112176,-2.07,-9.92,40.17,0.41,8.73,2.81
112211,-5.06,-7.94,37.68,0.19,8.73,2.56
112246,-5.16,-6.00,33.77,0.04,8.73,2.23
112281,-10.65,-3.87,32.99,0.09,8.73,1.92
112316,-5.45,-1.33,30.09,0.27,8.73,1.69
112351,-1.35,-1.95,25.51,0.61,8.73,1.63
112386,4.84,-1.85,24.62,0.87,8.73,1.62
112421,10.31,0.58,25.91,1.15,8.73,1.34
112456,10.90,-0.62,24.70,1.57,8.73,1.31
112491,13.24,0.84,28.79,2.00,8.73,1.56
112526,13.60,-3.59,30.82,2.29,8.73,1.99
112561,12.78,-9.81,35.73,2.47,8.73,2.59
112596,11.70,-12.95,40.02,2.22,8.73,3.09
112631,8.43,-15.06,43.90,1.73,8.73,3.32
112666,3.90,-14.04,43.95,1.11,8.73,3.27
112701,-0.55,-15.46,46.20,0.81,8.73,3.14
112736,-1.77,-10.47,39.24,0.61,8.73,2.89
112771,-4.17,-6.60,35.32,0.76,8.73,2.58
112806,-3.77,-8.36,30.75,0.97,8.73,2.49
112841,-0.88,-8.80,26.64,0.96,8.73,2.48
112875,-3.31,-10.53,22.68,0.75,8.73,2.27
112911,0.82,-2.87,21.55,0.66,8.73,1.76
112945,4.76,1.31,21.52,0.90,8.73,1.33
112980,8.33,0.35,21.00,1.22,8.73,1.26
113014,11.79,-5.80,22.17,1.30,8.73,1.48
113049,11.55,-11.18,25.13,0.99,8.73,1.80
113084,13.51,-7.76,29.62,0.72,8.73,1.79
113119,11.84,-4.00,32.48,1.08,8.73,1.93
113154,10.14,-8.32,34.29,1.32,8.73,2.32
113189,7.96,-9.98,37.39,1.28,8.73,2.81
113223,5.37,-12.36,39.21,0.86,8.73,3.08
113258,0.81,-12.18,41.01,0.52,8.73,2.86
113292,-1.49,-4.99,38.24,0.54,8.73,2.41
113326,-3.46,-6.56,33.65,0.85,8.73,1.97
113361,-2.25,-11.14,27.40,0.84,8.73,1.94
113396,-5.39,-4.93,25.52,0.34,8.73,1.68
113431,-7.11,0.64,25.18,0.31,8.73,1.31
113466,-3.75,2.27,22.91,0.42,8.73,0.76
113500,-3.05,9.34,22.36,0.77,8.73,0.28
113534,4.22,11.03,23.06,1.43,8.73,0.15
113568,9.03,5.68,22.69,2.15,8.73,0.41
113602,11.42,-2.38,23.78,2.39,8.73,0.95
113636,14.34,-7.57,28.68,2.28,8.73,1.60
113675,13.10,-11.03,32.75,1.75,8.73,1.91
113709,12.96,-8.68,37.68,1.44,8.73,2.05
113743,9.07,-12.01,39.70,1.45,8.73,2.33
113777,4.42,-11.05,40.01,1.24,8.73,2.44
113811,2.58,-13.18,41.01,0.97,8.73,2.62
113846,-1.50,-8.75,40.28,0.62,8.73,2.62
113881,-4.52,-11.29,36.40,0.23,8.73,2.46
113915,-5.37,-7.27,32.69,-0.06,8.73,2.23
113949,-7.52,-3.56,30.22,-0.17,8.73,1.76
113984,-4.73,1.82,28.20,-0.10,8.73,1.40
114018,-6.08,1.64,25.71,0.21,8.73,1.08
114053,-1.66,3.17,24.71,0.69,8.73,0.96
114087,3.76,-0.25,23.35,0.98,8.73,1.14
114122,7.62,-3.17,21.77,1.14,8.73,1.52
114156,13.68,-7.24,26.67,1.20,8.73,1.70
114190,14.09,-5.58,29.82,1.49,8.73,1.75
114224,14.88,-5.46,29.81,1.54,8.73,1.88
114258,12.81,-10.13,32.52,1.59,8.73,2.21
114292,10.14,-8.44,35.11,1.58,8.73,2.59
114328,8.56,-14.49,37.85,1.43,8.73,3.11
114362,4.23,-13.80,39.28,0.97,8.73,3.29
114397,-1.11,-14.09,41.44,0.46,8.73,3.18
114432,-5.09,-12.32,43.24,0.14,8.73,2.91
114467,-4.37,-7.61,36.64,0.14,8.73,2.53
114502,-4.54,-4.76,31.44,0.22,8.73,2.19
114537,-2.01,-4.29,26.91,0.35,8.73,1.84
114572,-1.56,-0.51,23.42,0.48,8.73,1.57
114607,-1.05,0.30,21.47,0.62,8.73,1.15
114642,3.34,4.48,22.97,1.00,8.73,0.78
114677,5.60,7.22,21.07,1.60,8.73,0.70
114711,11.33,5.14,25.27,2.24,8.73,0.88
114746,14.57,-1.70,27.24,2.67,8.73,1.41
114781,13.67,-6.68,33.80,2.57,8.73,1.94
114815,12.93,-11.45,36.38,2.16,8.73,2.34
114850,11.51,-13.46,39.84,1.86,8.73,2.54
114884,5.66,-11.08,40.50,1.50,8.73,2.52
114918,3.25,-13.02,42.61,1.29,8.73,2.29
114953,1.10,-10.83,41.23,1.43,8.73,2.22
114988,-1.46,-9.99,34.50,1.31,8.73,2.21
115023,-5.18,-11.68,30.27,1.02,8.73,2.20
115058,-3.11,-8.47,26.17,0.64,8.73,2.13
115093,-6.81,-4.99,25.57,0.34,8.73,1.75
115128,-4.18,0.04,22.25,0.30,8.73,1.39
115163,-1.25,0.86,20.30,0.48,8.73,1.09
115198,0.30,0.57,19.97,0.82,8.73,1.02
115233,4.38,0.89,21.13,1.17,8.73,1.06
115268,8.56,1.07,24.11,1.49,8.73,1.19
115303,12.81,-2.36,28.26,1.73,8.73,1.41
115339,14.91,-5.95,30.96,1.93,8.73,1.68
115373,13.68,-7.52,33.05,1.83,8.73,1.97
115408,11.76,-9.45,35.62,1.68,8.73,2.23
115443,8.96,-11.44,41.21,1.57,8.73,2.45
115478,5.69,-11.61,41.21,1.35,8.73,2.65
115513,0.85,-11.41,41.60,1.03,8.73,2.74
115548,-3.99,-11.22,40.33,0.74,8.73,2.67
115583,-4.13,-8.19,35.89,0.56,8.73,2.50
115618,-6.74,-6.15,31.58,0.41,8.73,2.29
115653,-5.49,-5.55,28.97,0.41,8.73,2.10
115693,-4.42,-6.00,24.60,0.45,8.73,2.01
115728,-3.07,-4.81,22.36,0.52,8.73,2.04
115763,1.27,-6.68,22.00,0.47,8.73,2.21
115798,6.29,-10.36,21.15,0.31,8.73,2.42
115833,10.96,-9.53,22.15,0.13,8.73,2.29
115869,11.82,-7.05,25.98,0.26,8.73,1.95
115903,13.52,-4.04,28.07,0.55,8.73,1.76
115938,13.62,-4.38,31.77,0.90,8.73,1.78
115973,11.56,-4.95,34.32,1.14,8.73,2.01
116009,9.38,-8.65,36.51,1.21,8.73,2.30
116043,6.86,-8.47,39.37,1.09,8.73,2.54
116078,2.23,-10.19,38.89,0.85,8.73,2.59
116113,-0.69,-7.84,39.27,0.75,8.73,2.43
116148,-3.12,-5.83,35.10,0.81,8.73,2.24
116183,-5.31,-6.75,33.36,0.85,8.73,2.14
116218,-5.60,-6.19,28.38,0.94,8.73,2.13
116252,-4.38,-6.41,25.51,0.87,8.73,2.09
116286,-4.40,-4.43,22.38,0.74,8.73,1.94
116322,-3.36,-0.56,19.35,0.71,8.73,1.75
116357,2.75,-1.63,22.43,0.78,8.73,1.53
116391,4.16,-0.83,18.06,0.93,8.73,1.48
116426,7.04,-1.07,20.17,1.04,8.73,1.49
116461,11.84,-5.40,24.20,1.05,8.73,1.62
116496,12.80,-4.40,28.73,1.01,8.73,1.67
116531,12.95,-5.36,31.21,0.94,8.73,1.65
116566,11.32,-6.66,33.94,0.99,8.73,1.63
116600,9.38,-5.85,36.65,1.02,8.73,1.55
116634,5.83,-6.98,38.38,1.12,8.73,1.56
116668,2.97,-6.49,41.17,1.23,8.73,1.63
116702,0.24,-6.84,37.57,1.27,8.73,1.80
116736,-2.95,-6.89,35.91,1.28,8.73,1.92
116770,-5.70,-5.91,34.67,1.24,8.73,2.02
116804,-4.85,-6.62,30.07,1.23,8.73,2.08
116839,-5.59,-4.73,26.21,1.11,8.73,2.15
116874,-5.11,-6.39,22.13,1.09,8.73,2.23
116909,-3.29,-5.45,21.04,0.98,8.73,2.31
116944,-0.20,-8.10,20.09,0.81,8.73,2.45
116979,4.38,-8.44,18.66,0.63,8.73,2.49
117014,7.71,-8.30,21.17,0.43,8.73,2.40
117049,11.19,-7.35,24.44,0.18,8.73,2.24
117084,13.59,-6.37,27.62,0.21,8.73,2.00
117119,12.99,-5.81,30.68,0.24,8.73,1.75
117154,12.01,-3.60,34.70,0.45,8.73,1.67
117188,10.20,-6.19,37.76,0.63,8.73,1.67
117223,6.28,-5.03,39.11,0.75,8.73,1.79
117258,3.41,-6.35,41.70,0.80,8.73,1.87
117293,0.44,-5.82,38.64,0.84,8.73,1.77
117329,-3.36,-4.68,36.26,0.96,8.73,1.69
117363,-4.36,-3.54,33.60,1.07,8.73,1.69
117398,-5.34,-4.25,30.10,1.12,8.73,1.70
117433,-5.52,-2.91,27.13,1.11,8.73,1.69
117468,-4.96,-1.21,23.59,1.04,8.73,1.61
117503,-0.34,-0.51,21.38,1.10,8.73,1.51
117538,2.66,0.19,20.37,1.25,8.73,1.43
117573,6.71,2.54,20.59,1.41,8.73,1.35
117607,8.79,-2.10,21.06,1.65,8.73,1.47
117642,11.60,-2.17,23.58,1.69,8.73,1.70
117677,12.69,-7.89,26.74,1.50,8.73,1.91
117717,13.48,-6.56,30.26,1.29,8.73,2.01
117752,11.64,-8.09,33.54,1.18,8.73,2.04
117787,9.27,-6.85,36.27,1.03,8.73,1.91
117822,5.66,-7.33,36.76,1.00,8.73,1.90
117858,3.17,-6.39,37.94,1.04,8.73,1.92
117892,-0.69,-7.10,38.64,1.05,8.73,1.89
117927,-3.31,-6.72,36.31,1.13,8.73,1.92
117962,-5.23,-5.90,33.49,1.13,8.73,1.96
117997,-6.84,-5.58,29.84,1.22,8.73,2.05
118032,-5.89,-5.85,25.96,1.18,8.73,2.10
118068,-5.10,-6.90,21.64,1.10,8.73,2.19
118102,-2.75,-4.94,19.49,1.01,8.73,2.23
118137,1.57,-4.57,18.90,0.87,8.73,2.20
118172,4.73,-5.68,19.19,0.84,8.73,2.12
118207,8.31,-2.97,20.56,0.77,8.73,2.04
118242,11.22,-5.76,22.58,0.81,8.73,1.99
118276,13.36,-3.82,26.15,0.82,8.73,1.92
118310,13.81,-5.53,29.35,0.84,8.73,1.91
118346,12.45,-4.64,32.59,0.93,8.73,1.90
118381,10.77,-7.06,34.50,0.94,8.73,1.96
118415,7.81,-6.22,37.00,1.00,8.73,2.07
118450,4.88,-6.75,38.09,0.89,8.73,2.12
118484,0.57,-7.62,38.13,0.87,8.73,2.07
118519,-1.91,-4.71,37.26,0.86,8.73,1.97
118554,-5.12,-5.29,34.56,0.97,8.73,1.89
118589,-6.22,-3.33,31.95,1.11,8.73,1.88
118624,-7.10,-5.24,27.67,1.18,8.73,1.98
118658,-4.36,-5.75,24.19,1.17,8.73,2.04
118693,-2.46,-5.36,20.77,1.04,8.73,2.10
118727,1.03,-4.80,19.74,1.03,8.73,2.10
118762,3.32,-3.52,19.66,0.94,8.73,2.03
118796,6.02,-5.64,19.94,0.94,8.73,2.00
118832,9.91,-3.05,21.63,0.92,8.73,1.98
118866,11.73,-6.34,23.82,0.88,8.73,1.98
118901,12.39,-6.21,27.37,0.85,8.73,1.91
118935,12.33,-6.41,30.49,0.79,8.73,1.86
118969,11.61,-6.40,34.10,0.85,8.73,1.81
119004,9.03,-5.54,37.69,0.83,8.73,1.76
119039,5.67,-7.11,38.84,0.91,8.73,1.73
119074,2.39,-5.76,39.86,1.02,8.73,1.74
119109,-1.00,-6.23,38.21,1.07,8.73,1.77
119145,-3.64,-5.55,35.74,1.15,8.73,1.81
119179,-4.46,-4.42,31.42,1.15,8.73,1.82
119214,-5.20,-5.30,27.91,1.18,8.73,1.87
119249,-6.58,-4.44,25.20,1.21,8.73,1.89
119284,-4.17,-1.98,23.07,1.18,8.73,1.87
119319,-0.92,-2.10,21.39,1.16,8.73,1.83
119354,2.51,-3.26,20.46,1.23,8.73,1.76
119390,6.02,-0.46,20.64,1.37,8.73,1.68
119424,9.88,-1.07,23.06,1.56,8.73,1.74
119459,12.23,-3.69,26.75,1.81,8.73,1.91
119494,13.45,-4.42,28.91,1.80,8.73,2.11
119529,12.91,-7.46,31.62,1.61,8.73,2.38
119563,11.75,-11.84,35.09,1.38,8.73,2.47
119598,9.12,-7.54,38.30,1.18,8.73,2.48
119632,5.10,-9.79,39.22,1.01,8.73,2.43
119667,2.33,-8.81,39.96,0.87,8.73,2.45
119701,-1.08,-7.35,38.22,0.78,8.73,2.35
119741,-3.49,-5.91,34.39,0.83,8.73,2.20
119776,-4.31,-5.29,30.59,0.85,8.73,2.16
119811,-5.58,-5.87,27.01,0.94,8.73,2.15
119846,-4.15,-5.92,23.82,0.95,8.73,2.16
119881,-2.75,-3.61,20.76,0.87,8.73,2.14
119916,-0.99,-4.41,20.02,0.80,8.73,2.04
119951,3.12,-4.32,20.58,0.80,8.73,1.92
119986,5.60,-2.20,20.53,0.81,8.73,1.82
120021,9.26,-5.32,21.60,0.86,8.73,1.76
120056,11.81,-4.93,25.91,0.91,8.73,1.70
120090,13.83,-6.37,29.07,0.77,8.73,1.61
120125,12.50,-7.37,33.28,0.76,8.73,1.47
120160,11.48,-5.48,36.43,0.80,8.73,1.28
120194,8.60,-6.61,38.44,0.93,8.73,1.16
120229,5.63,-5.04,39.94,1.23,8.73,1.14
120264,1.44,-4.82,39.95,1.46,8.73,1.27
120298,-1.77,-7.31,37.67,1.58,8.73,1.50
120333,-4.33,-6.63,34.84,1.62,8.73,1.71
120369,-5.43,-6.47,30.97,1.50,8.73,1.92
120404,-6.10,-6.17,27.07,1.39,8.73,2.02
120438,-5.06,-4.72,24.94,1.27,8.73,2.07
120472,-4.78,-3.09,21.51,1.14,8.73,2.07
120507,-0.09,-3.97,20.42,1.14,8.73,2.11
120542,3.24,-3.37,20.53,1.09,8.73,2.08
120577,5.90,-2.49,19.54,1.08,8.73,2.02
120612,8.02,-4.90,21.98,1.14,8.73,2.04
120647,11.42,-4.23,26.05,1.19,8.73,2.03
120682,12.90,-6.33,30.20,1.19,8.73,2.08
120717,13.54,-7.56,33.43,1.17,8.73,2.11
120752,11.18,-7.86,36.87,0.98,8.73,2.04
120786,8.95,-7.39,38.60,0.91,8.73,1.91
120822,5.04,-5.96,39.54,0.91,8.73,1.71
120856,1.25,-5.07,40.03,1.05,8.73,1.54
120891,-1.47,-6.50,36.69,1.21,8.73,1.57
120925,-4.55,-5.26,34.52,1.21,8.73,1.68
120959,-6.65,-5.43,32.08,1.20,8.73,1.79
120994,-6.12,-4.21,28.80,1.14,8.73,1.79
121029,-4.78,-3.38,25.66,1.02,8.73,1.79
121064,-3.19,-3.04,22.25,1.04,8.73,1.80
121099,0.38,-1.87,21.26,1.11,8.73,1.81
121134,3.89,-2.55,20.77,1.07,8.73,1.81
121169,6.79,-3.55,19.65,1.12,8.73,1.85
121204,10.22,-2.51,22.23,1.23,8.73,1.83
121239,12.11,-3.90,25.92,1.18,8.73,1.89
121274,12.92,-6.19,28.16,1.13,8.73,1.95
121309,13.11,-6.19,32.02,1.01,8.73,1.88
121344,11.62,-6.91,34.86,0.92,8.73,1.82
121379,8.31,-7.27,37.03,0.98,8.73,1.72
121414,5.86,-5.49,38.68,1.02,8.73,1.67
121450,1.54,-7.93,38.42,1.09,8.73,1.73
121484,-1.65,-5.12,37.53,1.10,8.73,1.76
121519,-4.08,-6.49,34.56,1.09,8.73,1.80
121554,-4.66,-4.91,30.97,1.15,8.73,1.82
121589,-7.30,-4.12,28.66,1.10,8.73,1.81
121625,-5.70,-4.01,26.31,1.05,8.73,1.84
121659,-5.04,-2.53,23.31,0.99,8.73,1.78
121694,-1.61,-1.50,21.01,0.99,8.73,1.75
121729,2.93,-3.56,20.54,1.04,8.73,1.76
121769,6.12,-4.61,19.06,1.00,8.73,1.87
121803,9.80,-4.09,21.44,0.92,8.73,1.93
121839,12.35,-8.49,23.91,0.73,8.73,1.98
121873,13.31,-6.64,28.17,0.60,8.73,1.86
121908,12.94,-6.45,31.46,0.50,8.73,1.75
121943,11.31,-7.62,34.18,0.61,8.73,1.61
121978,8.82,-3.95,37.62,0.68,8.73,1.62
122013,5.89,-7.48,37.93,0.77,8.73,1.80
122048,2.55,-7.37,39.89,0.80,8.73,1.94
122083,-1.33,-6.20,38.94,0.73,8.73,1.92
122118,-3.98,-6.07,36.25,0.70,8.73,1.92
122153,-4.64,-3.26,32.65,0.70,8.73,1.82
122187,-5.44,-3.64,28.51,0.70,8.73,1.74
122223,-6.66,-2.43,25.54,0.82,8.73,1.67
122257,-4.04,-1.43,23.30,0.99,8.73,1.68
122292,-0.50,-1.60,21.52,1.04,8.73,1.72
122328,3.03,-3.56,20.68,1.11,8.73,1.80
122362,6.87,-2.25,21.60,1.18,8.73,1.83
122397,12.04,-2.79,23.53,1.27,8.73,1.82
122432,12.59,-4.75,26.01,1.41,8.73,1.91
122467,13.89,-3.38,29.14,1.50,8.73,2.02
122502,13.54,-6.46,32.16,1.53,8.73,2.29
122537,11.42,-10.24,35.26,1.40,8.73,2.47
122571,9.03,-8.29,37.70,1.22,8.73,2.53
122605,4.90,-10.40,38.92,1.06,8.73,2.48
122640,1.83,-8.71,40.50,0.90,8.73,2.34
122675,-0.95,-7.39,38.65,0.88,8.73,2.22
122710,-2.30,-6.48,34.86,0.88,8.73,2.16
122745,-4.73,-6.21,31.53,0.90,8.73,2.11
122780,-5.04,-4.84,27.77,0.89,8.73,2.02
122815,-4.94,-5.12,25.75,0.83,8.73,2.00
122850,-2.81,-4.56,22.59,0.84,8.73,2.00
122885,-0.40,-3.33,20.77,0.86,8.73,1.93
122919,3.52,-4.91,20.94,0.83,8.73,1.91
122953,6.36,-5.37,19.83,0.80,8.73,1.94
122987,9.39,-5.47,23.05,0.75,8.73,1.89
123022,11.84,-7.89,24.79,0.68,8.73,1.87
123056,12.72,-6.99,28.08,0.64,8.73,1.74
123090,12.97,-7.66,31.83,0.68,8.73,1.63
123125,12.69,-5.96,35.06,0.78,8.73,1.60
123160,9.32,-5.48,38.81,0.90,8.73,1.66
123195,5.72,-6.86,39.17,0.98,8.73,1.81
123230,1.87,-8.25,39.51,1.00,8.73,1.95
123265,-1.17,-6.63,37.91,0.92,8.73,1.97
123300,-4.72,-6.80,36.55,0.86,8.73,1.98
123335,-6.12,-4.80,33.58,0.87,8.73,1.94
123371,-7.41,-4.11,30.13,0.88,8.73,1.88
123405,-7.39,-3.73,26.15,0.90,8.73,1.90
123440,-6.68,-4.26,23.09,0.98,8.73,1.90
123475,-3.20,-2.82,20.94,0.95,8.73,1.90
123510,2.23,-3.53,20.38,0.96,8.73,1.93
123544,7.37,-3.44,20.17,1.06,8.73,1.92
123578,11.56,-2.28,23.34,1.12,8.73,1.90
123612,12.40,-5.88,26.22,1.23,8.73,1.98
123646,13.19,-3.86,29.06,1.28,8.73,2.01
123680,12.76,-7.39,31.34,1.29,8.73,2.15
123715,11.07,-9.41,34.85,1.25,8.73,2.20
123749,9.55,-7.28,39.77,1.10,8.73,2.11
123789,5.94,-6.53,39.88,1.04,8.73,1.96
123823,1.08,-8.30,39.29,1.12,8.73,1.83
123858,-0.78,-5.84,37.20,1.19,8.73,1.81
123893,-3.92,-5.88,33.68,1.25,8.73,1.81
123928,-4.33,-5.70,30.49,1.21,8.73,1.89
123963,-5.37,-5.52,27.43,1.15,8.73,1.88
123997,-3.66,-3.78,25.23,1.01,8.73,1.86
124032,-3.38,-4.58,22.24,0.98,8.73,1.79
124067,-0.74,-0.86,21.98,0.99,8.73,1.67
124101,2.07,-2.66,20.65,1.03,8.73,1.64
124136,6.84,-2.99,20.46,1.09,8.73,1.73
124172,10.41,-4.30,23.05,1.20,8.73,1.77
124206,13.30,-4.55,26.32,1.15,8.73,1.83
124241,12.94,-7.31,30.00,1.20,8.73,1.93
124276,13.33,-6.51,32.96,1.20,8.73,1.97
124311,11.59,-6.90,36.02,1.15,8.73,2.04
124346,8.70,-9.25,38.04,1.13,8.73,2.10
124381,5.25,-7.67,40.48,1.09,8.73,2.08
124416,1.33,-6.76,38.77,1.06,8.73,2.04
124450,-2.38,-7.28,37.77,1.06,8.73,2.00
124484,-4.24,-5.54,35.66,1.04,8.73,1.99
124518,-5.09,-6.29,31.11,1.10,8.73,2.02
124552,-4.68,-5.22,27.67,0.99,8.73,1.97
124587,-4.25,-5.46,23.56,0.90,8.73,1.97
124622,-2.05,-3.20,21.70,0.89,8.73,1.91
124657,-0.39,-2.30,20.03,0.84,8.73,1.85
124692,3.79,-3.37,20.38,0.89,8.73,1.72
124727,5.99,-0.18,19.35,0.92,8.73,1.62
124762,9.36,-4.57,20.20,1.01,8.73,1.62
124797,11.88,-3.13,23.56,1.06,8.73,1.63
124832,12.67,-5.82,26.42,0.90,8.73,1.62
124867,13.19,-6.53,29.77,0.86,8.73,1.55
124902,11.59,-5.65,33.27,0.80,8.73,1.39
124937,9.48,-6.10,36.19,0.88,8.73,1.17
124972,6.33,-3.51,38.05,1.06,8.73,1.06
125006,2.84,-6.04,37.59,1.32,8.73,1.16
125041,-0.21,-4.30,37.43,1.47,8.73,1.35
125075,-3.82,-7.33,35.79,1.52,8.73,1.59
125109,-5.30,-6.40,33.36,1.47,8.73,1.80
125144,-6.62,-6.15,29.43,1.50,8.73,2.00
125178,-7.21,-6.44,26.35,1.53,8.73,2.20
125213,-5.19,-7.96,22.47,1.45,8.73,2.49
125248,-2.54,-8.67,19.30,1.31,8.73,2.65
125283,2.32,-8.50,18.87,1.03,8.73,2.70
125318,5.26,-6.47,18.60,0.83,8.73,2.58
125353,7.59,-6.07,19.49,0.79,8.73,2.43
125388,11.15,-4.47,22.72,0.78,8.73,2.30
125423,12.99,-5.24,26.91,0.79,8.73,2.20
125459,14.13,-5.51,30.03,0.82,8.73,2.16
125493,12.04,-7.12,32.60,0.80,8.73,2.11
125528,9.47,-6.32,34.95,0.76,8.73,2.04
125563,7.03,-6.82,36.60,0.71,8.73,1.96
125597,3.48,-6.97,37.76,0.70,8.73,1.91
125632,0.90,-4.84,37.61,0.66,8.73,1.82
125667,-2.53,-5.08,34.44,0.68,8.73,1.74
125702,-5.30,-3.41,33.03,0.66,8.73,1.63
125737,-6.16,-2.81,30.28,0.58,8.73,1.51
125772,-8.56,-1.52,26.93,0.40,8.73,1.29
125812,-5.08,2.52,23.95,0.43,8.73,1.07
125847,-2.96,3.03,20.14,0.69,8.73,0.95
125882,1.52,3.56,19.15,0.93,8.73,1.07
125917,4.64,-1.58,17.16,1.09,8.73,1.34
125951,6.70,-2.20,18.53,1.11,8.73,1.55
125986,10.26,-5.19,20.90,1.07,8.73,1.71
126020,12.75,-5.63,22.46,0.95,8.73,1.77
126055,12.25,-3.69,25.70,0.92,8.73,1.78
126090,11.96,-6.68,28.83,0.97,8.73,1.81
126124,11.94,-6.11,32.02,1.00,8.73,1.80
126158,8.86,-6.22,34.91,0.98,8.73,1.84
126193,6.89,-8.78,37.50,1.04,8.73,1.89
126227,2.47,-6.54,37.64,1.06,8.73,1.83
126262,-0.83,-7.63,36.41,1.12,8.73,1.85
126297,-3.33,-6.74,34.55,1.16,8.73,1.86
126332,-5.61,-5.70,30.75,1.22,8.73,1.91
126368,-6.27,-7.10,27.44,1.17,8.73,1.97
126402,-6.80,-6.05,24.68,1.13,8.73,2.04
126437,-5.57,-5.06,21.97,1.04,8.73,2.10
126471,-4.14,-4.78,18.75,0.99,8.73,2.07
126506,1.04,-3.51,18.03,0.91,8.73,2.00
126541,4.25,-2.94,18.04,0.90,8.73,1.89
126575,7.15,-2.46,18.49,0.92,8.73,1.87
126610,10.08,-2.26,20.17,1.05,8.73,1.80
126645,12.27,-3.52,23.31,1.15,8.73,1.83
126679,12.97,-5.48,27.29,1.20,8.73,1.89
126714,13.07,-5.77,30.14,1.21,8.73,2.01
126749,11.08,-6.73,32.94,1.11,8.73,2.08
126784,8.15,-7.60,35.49,1.09,8.73,2.11
126819,5.63,-6.33,36.81,0.99,8.73,2.06
126854,1.67,-7.41,36.60,1.01,8.73,1.99
126889,-1.53,-4.83,36.23,1.07,8.73,1.90
126924,-4.21,-5.91,33.48,1.23,8.73,1.87
126959,-5.68,-5.05,31.03,1.36,8.73,1.91
126994,-6.74,-7.05,26.94,1.40,8.73,2.07
127029,-6.30,-6.78,24.16,1.38,8.73,2.26
127064,-5.60,-7.94,20.41,1.32,8.73,2.46
127099,-2.38,-6.51,18.42,1.14,8.73,2.49
127134,1.57,-7.59,18.17,0.93,8.73,2.48
127169,5.70,-5.52,19.01,0.83,8.73,2.32
127204,9.49,-5.04,19.74,0.79,8.73,2.20
127240,10.93,-4.78,23.75,0.87,8.73,2.10
127275,13.43,-4.75,25.51,0.93,8.73,2.02
127309,13.20,-5.59,29.43,0.96,8.73,2.04
127344,11.99,-6.91,33.43,1.01,8.73,2.08
127378,10.19,-7.04,35.99,0.92,8.73,2.09
127413,6.10,-6.53,36.62,0.86,8.73,1.98
127448,3.46,-6.79,37.28,0.81,8.73,1.89
127483,0.20,-5.79,37.56,0.84,8.73,1.83
127518,-2.49,-4.96,34.86,0.85,8.73,1.78
127553,-5.94,-4.60,33.47,0.79,8.73,1.77
127588,-4.59,-4.49,28.57,0.80,8.73,1.70
127623,-6.78,-2.65,25.73,0.69,8.73,1.57
127657,-6.43,0.22,24.05,0.73,8.73,1.48
127692,-3.64,-0.49,21.39,0.88,8.73,1.36
127727,1.47,1.50,19.91,0.98,8.73,1.37
127762,4.22,-0.55,19.36,1.16,8.73,1.44
127797,6.85,-0.80,19.95,1.24,8.73,1.54
127837,10.31,-3.65,21.98,1.29,8.73,1.69
127872,12.49,-6.31,25.41,1.21,8.73,1.81
127907,13.17,-5.63,29.10,1.19,8.73,1.86
127942,13.19,-6.89,32.16,1.10,8.73,1.89
127977,10.56,-8.89,34.91,1.04,8.73,1.88
128012,9.25,-6.78,36.54,1.04,8.73,1.85
128047,3.91,-7.54,38.32,1.01,8.73,1.87
128082,1.33,-7.87,37.57,1.03,8.73,1.89
128117,-2.46,-6.00,35.92,1.02,8.73,1.89
128152,-5.29,-7.06,34.24,0.98,8.73,1.94
128187,-4.93,-5.11,30.47,0.96,8.73,1.93
128222,-6.94,-5.23,27.25,0.90,8.73,1.95
128257,-6.21,-4.36,25.07,0.88,8.73,1.91
128292,-3.87,-2.10,22.42,0.82,8.73,1.94
128328,0.51,-5.32,19.96,0.85,8.73,1.95
128362,4.00,-3.33,19.57,0.80,8.73,1.96
128397,6.03,-6.58,19.74,0.67,8.73,2.01
128432,10.06,-7.65,21.88,0.58,8.73,2.00
128467,12.43,-6.39,23.65,0.40,8.73,1.88
128503,12.43,-5.76,27.22,0.41,8.73,1.78
128537,12.96,-3.57,31.40,0.57,8.73,1.68
128572,12.01,-4.39,35.09,0.76,8.73,1.81
128607,8.08,-6.64,36.83,0.91,8.73,1.94
128642,5.80,-6.16,37.82,0.87,8.73,2.03
128677,1.42,-8.06,37.54,0.78,8.73,2.11
128712,-1.21,-4.95,36.60,0.63,8.73,2.05
128746,-4.46,-5.01,35.36,0.63,8.73,1.97
128781,-5.05,-2.83,32.02,0.69,8.73,1.84
128816,-6.52,-3.21,28.49,0.86,8.73,1.83
128851,-6.28,-3.90,26.19,0.99,8.73,1.82
128886,-5.71,-4.20,23.04,0.98,8.73,1.92
128921,-2.49,-5.17,20.57,1.01,8.73,1.93
128956,2.49,-2.41,20.00,0.97,8.73,1.90
128992,6.82,-2.51,20.43,0.96,8.73,1.88
129026,9.56,-5.28,20.94,1.04,8.73,1.87
129061,11.96,-3.45,24.00,1.05,8.73,1.88
129096,13.20,-6.58,26.45,0.99,8.73,1.93
129131,12.04,-6.63,29.84,0.96,8.73,1.93
129166,11.25,-6.11,32.41,0.92,8.73,1.93
129201,9.00,-7.30,35.13,0.90,8.73,1.93
129236,5.46,-6.51,36.65,0.85,8.73,1.91
129271,2.92,-7.43,38.70,0.83,8.73,2.02
129306,-0.45,-5.94,37.96,0.78,8.73,2.05
129342,-3.51,-8.37,35.32,0.72,8.73,2.05
129376,-5.40,-3.41,33.72,0.70,8.73,1.97
129411,-5.67,-4.43,29.51,0.81,8.73,1.92
129446,-7.23,-4.20,26.76,0.95,8.73,1.92
129481,-5.55,-2.83,23.84,0.98,8.73,2.00
129516,-2.67,-5.08,20.28,1.00,8.73,2.01
129551,1.78,-3.02,19.17,0.97,8.73,1.94
129586,6.67,-2.76,19.88,1.01,8.73,1.83
129621,10.55,-2.64,20.97,1.17,8.73,1.74
129656,11.82,-1.43,23.10,1.32,8.73,1.74
129691,12.81,-3.51,26.57,1.50,8.73,1.85
129726,13.06,-5.59,28.85,1.54,8.73,2.01
129760,11.98,-8.34,31.29,1.45,8.73,2.16
129795,9.39,-7.72,33.71,1.24,8.73,2.13
129830,7.41,-8.77,36.79,1.11,8.73,2.04
129870,3.52,-6.99,37.98,1.03,8.73,1.92
129905,0.29,-6.83,38.62,1.10,8.73,1.86
129940,-3.67,-6.22,37.24,1.12,8.73,1.91
129975,-5.77,-6.99,33.63,1.10,8.73,1.96
130010,-5.96,-5.38,29.35,0.99,8.73,1.97
130045,-7.31,-4.96,25.91,0.89,8.73,1.95
130080,-5.07,-4.12,23.27,0.89,8.73,1.94
130115,-2.71,-2.49,20.89,0.87,8.73,1.91
130150,1.36,-4.28,19.13,0.93,8.73,1.94
130185,4.27,-2.79,19.01,0.91,8.73,1.88
130220,7.47,-4.98,19.27,0.91,8.73,1.87
130255,10.83,-3.58,22.52,0.96,8.73,1.84
130291,13.31,-5.99,26.23,0.91,8.73,1.82
130326,13.30,-5.84,28.59,0.99,8.73,1.79
130360,12.76,-5.07,31.39,1.00,8.73,1.80
130395,10.34,-7.63,33.56,1.06,8.73,1.83
130430,9.03,-5.91,36.38,1.04,8.73,1.82
130465,5.02,-7.41,38.02,1.09,8.73,1.81
130500,0.88,-5.21,37.77,1.12,8.73,1.80
130535,-2.55,-7.12,36.56,1.19,8.73,1.79
130571,-4.22,-4.26,33.96,1.28,8.73,1.80
130605,-5.35,-7.16,29.44,1.22,8.73,1.90
130640,-6.05,-5.30,26.54,1.16,8.73,1.94
130675,-4.65,-3.90,23.62,1.01,8.73,1.93
130710,-2.72,-4.40,20.51,0.93,8.73,1.83
130745,-0.05,-0.63,19.51,0.88,8.73,1.70
130780,2.24,-2.55,18.38,0.93,8.73,1.66
130815,5.79,-0.54,17.80,0.99,8.73,1.64
130851,9.29,-4.53,20.27,1.03,8.73,1.70
130885,11.03,-3.07,22.80,1.04,8.73,1.76
130920,11.85,-4.36,26.39,0.94,8.73,1.81
130955,12.76,-5.26,30.60,0.98,8.73,1.78
130990,12.12,-4.83,33.60,1.01,8.73,1.77
131025,9.14,-7.12,35.64,1.10,8.73,1.75
131060,6.59,-4.94,37.58,1.08,8.73,1.75
131095,2.42,-6.98,37.60,1.16,8.73,1.80
131130,0.05,-4.79,36.88,1.17,8.73,1.79
131165,-3.51,-5.78,34.19,1.34,8.73,1.78
131200,-5.21,-5.61,31.14,1.44,8.73,1.86
131235,-6.63,-6.76,27.81,1.49,8.73,2.05
131270,-8.22,-6.59,25.00,1.40,8.73,2.21
131305,-7.22,-7.38,22.23,1.28,8.73,2.37
131341,-4.06,-6.50,19.97,1.06,8.73,2.37
131375,1.22,-5.66,18.33,0.87,8.73,2.40
131410,4.87,-7.59,18.80,0.71,8.73,2.38
131445,8.15,-6.92,20.28,0.51,8.73,2.29
131480,10.70,-6.68,22.22,0.36,8.73,2.17
131515,12.80,-5.34,25.70,0.29,8.73,1.97
131550,13.09,-4.66,29.87,0.29,8.73,1.72
131585,13.13,-4.70,32.96,0.41,8.73,1.54
131620,10.13,-3.15,36.93,0.61,8.73,1.44
131655,8.13,-4.87,38.60,0.79,8.73,1.42
131690,3.59,-5.16,38.71,1.03,8.73,1.47
131725,0.66,-4.88,38.97,1.20,8.73,1.46
131760,-3.06,-2.83,36.30,1.41,8.73,1.48
131795,-5.36,-4.81,34.59,1.54,8.73,1.60
131830,-7.07,-4.43,30.99,1.58,8.73,1.79
131865,-7.51,-4.92,27.24,1.53,8.73,1.91
131905,-6.89,-3.94,24.98,1.45,8.73,2.01
131940,-1.44,-2.41,22.25,1.24,8.73,1.88
131975,3.26,-2.82,20.95,1.25,8.73,1.76
132010,7.89,-0.62,20.94,1.27,8.73,1.74
132045,9.64,-3.13,22.19,1.25,8.73,1.82
132080,11.51,-6.43,22.37,1.12,8.73,1.90
132115,12.02,-7.20,25.49,0.82,8.73,1.90
132150,13.04,-7.90,28.95,0.53,8.73,1.72
132185,12.64,-5.65,33.04,0.39,8.73,1.43
132220,9.79,-5.25,35.68,0.49,8.73,1.14
132255,7.01,-3.48,38.35,0.70,8.73,0.98
132290,3.95,-3.48,39.10,1.01,8.73,1.01
132325,-1.26,-4.12,40.26,1.18,8.73,1.17
132360,-0.86,-4.21,36.25,1.28,8.73,1.31
132395,-5.75,-4.30,34.91,1.24,8.73,1.50
132430,-4.89,-3.19,31.09,1.21,8.73,1.59
132465,-7.78,-2.89,27.40,1.19,8.73,1.65
132500,-3.78,-3.09,24.29,1.23,8.73,1.74
132536,0.45,-2.74,20.74,1.29,8.73,1.83
132570,3.01,-2.71,17.98,1.25,8.73,1.87
132606,5.47,-4.70,18.29,1.22,8.73,1.96
132640,7.45,-1.37,19.47,1.22,8.73,1.97
132675,10.24,-1.86,21.59,1.37,8.73,1.93
132710,12.24,-2.59,24.42,1.53,8.73,2.02
132744,12.94,-5.06,27.32,1.54,8.73,2.19
132779,11.84,-7.66,30.46,1.41,8.73,2.35
132815,10.09,-9.04,33.06,1.18,8.73,2.34
132849,8.44,-9.11,36.25,0.99,8.73,2.23
132884,5.39,-7.17,36.10,0.90,8.73,1.99
132919,1.55,-5.96,38.44,0.89,8.73,1.87
132955,-3.14,-6.87,38.43,0.92,8.73,1.82
132990,-4.33,-4.21,35.98,0.96,8.73,1.82
133024,-5.65,-5.74,31.07,0.89,8.73,1.84
133059,-5.81,-3.42,27.69,0.90,8.73,1.81
133094,-5.17,-2.60,24.72,0.93,8.73,1.86
133129,-1.19,-4.79,21.61,1.04,8.73,1.91
133164,0.46,-2.83,18.52,0.97,8.73,1.92
133199,2.03,-5.46,18.83,0.97,8.73,2.01
133234,7.04,-4.03,19.01,0.93,8.73,2.00
133270,11.23,-6.89,20.31,0.84,8.73,2.03
133304,12.55,-5.40,22.55,0.82,8.73,1.99
133339,12.77,-6.01,24.94,0.75,8.73,1.97
133374,11.80,-5.53,28.42,0.83,8.73,1.95
133409,10.54,-5.63,32.46,0.90,8.73,2.03
133444,9.76,-7.24,35.78,0.86,8.73,2.05
133478,5.88,-7.86,38.49,0.77,8.73,2.10
133513,3.68,-8.09,37.52,0.73,8.73,2.18
133548,-1.01,-6.86,37.96,0.67,8.73,2.09
133584,-4.46,-5.86,38.08,0.67,8.73,1.95
133618,-4.50,-4.13,32.54,0.88,8.73,1.83
133653,-6.00,-4.27,29.55,0.91,8.73,1.75
133689,-8.00,-4.30,26.63,1.02,8.73,1.80
133723,-6.17,-2.93,23.61,1.04,8.73,1.77
133758,-0.59,-2.17,20.48,1.07,8.73,1.69
133793,3.64,-2.04,18.55,1.19,8.73,1.60
133828,5.11,-0.99,18.04,1.32,8.73,1.55
133864,7.51,-0.63,19.58,1.57,8.73,1.65
133898,10.00,-0.73,22.70,1.85,8.73,1.88
133938,10.50,-2.89,26.42,2.08,8.73,2.29
133973,12.84,-8.66,29.97,2.14,8.73,2.75
134008,10.48,-11.64,33.10,1.92,8.73,3.16
134043,9.71,-12.87,37.63,1.52,8.73,3.42
134078,6.06,-14.50,39.14,1.01,8.73,3.39
134113,2.45,-11.87,40.59,0.53,8.73,3.07
134148,-1.63,-10.05,41.27,0.47,8.73,2.71
134183,-4.15,-5.50,39.65,0.61,8.73,2.32
134218,-5.39,-6.22,36.07,0.89,8.73,2.13
134253,-5.30,-8.15,30.01,1.07,8.73,2.08
134287,-2.09,-5.81,25.45,1.03,8.73,1.96
134322,-1.01,-2.91,22.82,0.88,8.73,1.68
134357,1.89,0.12,22.67,0.99,8.73,1.26
134392,1.59,3.29,21.05,1.30,8.73,1.04
134426,4.28,0.38,23.01,1.70,8.73,1.13
134461,8.72,-4.92,24.61,1.91,8.73,1.46
134496,11.71,-6.71,30.35,1.82,8.73,1.82
134531,14.04,-11.00,33.46,1.66,8.73,2.09
134566,13.25,-11.39,37.09,1.49,8.73,2.25
134601,10.43,-9.94,39.74,1.36,8.73,2.42
134636,7.87,-13.20,43.05,1.16,8.73,2.71
134671,2.88,-14.74,42.22,0.72,8.73,3.07
134706,-1.03,-11.00,41.38,0.15,8.73,3.19
134741,-5.53,-7.53,42.82,-0.15,8.73,2.76
134776,-5.19,-6.46,36.67,-0.39,8.73,2.37
134811,-10.16,-4.10,35.24,-0.51,8.73,1.85
134847,-9.28,2.87,33.85,-0.26,8.73,1.43
134881,-0.87,1.88,30.50,0.14,8.73,1.22
134916,2.52,1.37,26.81,0.57,8.73,1.14
134951,7.21,-2.92,28.72,0.82,8.73,1.45
134986,12.29,-6.08,30.35,0.82,8.73,1.76
135021,15.46,-7.43,34.63,0.95,8.73,1.65
135056,13.88,-7.44,35.54,1.03,8.73,1.60
135090,13.36,-7.82,37.57,1.10,8.73,1.60
135125,11.33,-6.19,39.94,1.22,8.73,1.79
135160,6.62,-10.04,41.59,1.19,8.73,1.97
135194,4.78,-10.18,40.72,1.04,8.73,2.20
135228,0.02,-12.93,40.35,0.83,8.73,2.44
135263,-2.51,-9.05,36.92,0.69,8.73,2.36
135297,-4.33,-6.87,35.69,0.63,8.73,2.20
135332,-5.39,-7.05,30.92,0.53,8.73,2.08
135368,-8.13,-6.65,28.84,0.33,8.73,1.89
135402,-8.15,-0.40,28.26,0.36,8.73,1.66
135437,-6.53,-1.83,25.21,0.43,8.73,1.51
135472,0.83,-2.40,24.62,0.58,8.73,1.51
135507,8.52,-7.49,23.78,0.55,8.73,1.89
135542,14.10,-11.79,24.62,0.19,8.73,2.10
135577,12.71,-8.94,27.43,0.08,8.73,1.96
135612,13.64,-4.91,28.10,0.11,8.73,1.72
135646,12.17,-1.30,32.05,0.60,8.73,1.79
135680,10.70,-4.72,35.05,1.08,8.73,2.13
135715,7.84,-9.60,37.99,1.19,8.73,2.57
135750,5.77,-11.23,39.49,1.03,8.73,2.79
135785,2.65,-9.33,37.05,0.73,8.73,2.63
135820,-0.73,-6.65,38.36,0.69,8.73,2.39
135855,-2.63,-6.88,33.65,0.75,8.73,2.15
135890,-2.21,-6.08,31.63,0.91,8.73,2.02
135925,-7.53,-5.03,28.38,0.96,8.73,1.95
135965,-5.24,-4.08,25.46,0.89,8.73,1.88
136000,-2.61,-3.39,22.39,0.93,8.73,1.71
136035,-2.05,0.52,20.70,1.03,8.73,1.52
136070,1.51,-0.48,21.04,1.20,8.73,1.50
136105,6.69,-3.62,19.89,1.32,8.73,1.61
136139,6.73,-1.95,21.60,1.47,8.73,1.74
136174,12.16,-5.13,25.90,1.53,8.73,1.98
136209,12.08,-5.16,30.16,1.63,8.73,2.27
136244,13.49,-9.18,34.81,1.67,8.73,2.54
136279,11.31,-11.21,36.62,1.52,8.73,2.82
136315,8.39,-13.07,39.16,1.27,8.73,2.98
136350,4.53,-11.37,40.69,0.88,8.73,2.89
136384,0.86,-10.16,42.16,0.63,8.73,2.78
136419,-3.40,-8.02,43.09,0.57,8.73,2.47
136454,-4.92,-8.13,37.53,0.63,8.73,2.18
136489,-4.52,-5.44,33.30,0.72,8.73,2.00
136524,-5.62,-5.43,30.22,0.85,8.73,1.84
136559,-3.90,-2.53,27.08,0.88,8.73,1.67
136594,-1.99,-1.74,23.69,0.95,8.73,1.46
136629,2.41,0.59,24.29,1.21,8.73,1.32
136664,7.94,4.26,25.87,1.64,8.73,1.13
136699,11.31,1.07,24.33,2.12,8.73,1.24
136734,13.70,-0.68,28.58,2.63,8.73,1.59
136769,11.21,-10.29,30.16,2.58,8.73,2.20
136804,13.60,-11.98,37.45,2.30,8.73,2.72
136839,11.32,-13.18,42.14,1.91,8.73,3.16
136875,6.60,-14.69,45.79,1.53,8.73,3.23
136909,2.62,-14.64,45.73,0.94,8.73,3.16
136944,-1.21,-12.17,45.23,0.61,8.73,3.00
136979,-4.95,-12.18,42.48,0.34,8.73,2.75
137014,-4.41,-7.52,37.76,-0.00,8.73,2.47
137049,-7.67,-4.09,35.49,0.02,8.73,2.06
137083,-3.25,-2.37,31.61,0.16,8.73,1.74
137118,-2.89,-0.72,26.38,0.52,8.73,1.62
137153,4.61,-3.07,26.83,0.77,8.73,1.86
137188,12.33,-6.02,25.43,0.86,8.73,1.80
137223,12.34,-2.62,24.42,1.15,8.73,1.66
137258,13.86,-3.52,29.80,1.45,8.73,1.67
137293,13.07,-6.57,31.11,1.71,8.73,1.91
137329,14.33,-9.88,33.37,1.72,8.73,2.16
137364,10.87,-13.11,35.77,1.59,8.73,2.40
137398,9.06,-11.93,39.85,1.42,8.73,2.53
137433,4.71,-11.00,41.97,1.13,8.73,2.55
137468,0.86,-11.35,41.53,0.86,8.73,2.56
137503,-1.81,-9.45,36.10,0.51,8.73,2.51
137538,-5.50,-9.00,34.64,0.24,8.73,2.30
137573,-4.67,-4.83,30.81,0.04,8.73,1.98
137608,-6.94,-2.32,28.74,-0.07,8.73,1.53
137643,-4.34,2.85,26.46,-0.01,8.73,1.16
137678,-5.01,2.10,22.70,0.37,8.73,0.88
137713,1.32,4.02,22.09,0.78,8.73,0.82
137747,7.90,0.61,21.95,1.05,8.73,0.99
137782,11.40,-3.48,22.55,1.22,8.73,1.24
137817,13.30,-5.96,26.10,1.29,8.73,1.49
137852,13.09,-6.54,28.70,1.27,8.73,1.64
137887,12.35,-6.08,32.10,1.35,8.73,1.75
137922,11.64,-7.92,34.99,1.34,8.73,1.98
137957,8.93,-11.90,36.91,1.35,8.73,2.20
137997,5.86,-11.95,38.10,1.09,8.73,2.44
138032,0.72,-12.16,37.76,0.80,8.73,2.56
138067,-1.46,-8.54,35.32,0.41,8.73,2.55
138102,-5.58,-9.60,32.83,0.06,8.73,2.40
138137,-6.18,-4.40,30.77,-0.12,8.73,2.07
138172,-6.28,-0.74,27.49,-0.14,8.73,1.67
138207,-5.56,-0.28,24.18,0.03,8.73,1.37
138242,-4.25,2.11,21.46,0.35,8.73,1.17
138277,0.28,1.19,19.89,0.63,8.73,1.17
138312,4.93,-1.72,19.17,0.89,8.73,1.21
138347,8.70,0.63,18.35,1.10,8.73,1.21
138382,11.12,-3.29,17.79,1.40,8.73,1.22
138417,12.56,-1.34,20.58,1.62,8.73,1.37
138452,12.37,-4.40,23.75,1.71,8.73,1.65
138487,12.98,-5.64,27.11,1.84,8.73,1.93
138522,12.03,-9.85,30.41,1.78,8.73,2.28
138557,8.33,-9.67,34.61,1.55,8.73,2.43
138592,6.06,-11.55,36.36,1.22,8.73,2.54
138627,1.71,-9.93,35.26,0.97,8.73,2.54
138662,-0.72,-8.87,33.35,0.70,8.73,2.48
138697,-4.47,-8.99,33.09,0.52,8.73,2.32
138732,-6.45,-7.52,29.94,0.29,8.73,2.16
138767,-5.65,-5.72,25.06,0.08,8.73,1.94
138802,-5.72,-1.58,22.04,-0.02,8.73,1.63
138836,-4.77,-0.04,18.48,0.01,8.73,1.32
138871,-3.05,0.45,15.84,0.20,8.73,1.09
138906,1.06,0.85,14.79,0.42,8.73,1.02
138941,1.08,0.23,14.75,0.61,8.73,1.10
138976,6.09,-2.04,15.81,0.75,8.73,1.17
139011,10.31,-2.37,15.51,0.93,8.73,1.18
139046,11.44,-2.75,20.46,1.14,8.73,1.22
139081,12.66,-1.81,22.84,1.32,8.73,1.32
139117,14.13,-3.97,23.87,1.45,8.73,1.47
139151,11.28,-6.88,25.99,1.53,8.73,1.66
139186,9.74,-8.02,28.23,1.41,8.73,1.72
139221,9.32,-7.52,30.83,1.28,8.73,1.65
139256,5.42,-7.03,31.55,1.25,8.73,1.61
139291,1.45,-7.24,31.16,1.31,8.73,1.60
139326,-1.18,-6.17,30.40,1.38,8.73,1.61
139361,-3.56,-8.02,27.33,1.33,8.73,1.70
139396,-5.35,-6.66,24.43,1.21,8.68,1.81
139431,-6.43,-6.39,21.15,1.12,8.58,1.87
139466,-7.99,-6.02,18.63,1.03,8.52,1.90
139501,-6.71,-4.29,16.56,0.95,8.51,1.95
139536,-5.97,-4.36,13.95,0.94,8.56,2.05
139571,-3.45,-5.60,12.05,0.86,8.61,2.11
139605,0.66,-5.94,10.98,0.74,8.63,2.15
139640,4.44,-4.81,11.55,0.60,8.63,2.03
139675,6.81,-2.39,11.57,0.62,8.66,1.82
139710,9.19,-1.41,13.52,0.71,8.67,1.69
139745,10.22,-3.08,15.68,0.80,8.69,1.65
139780,11.55,-4.07,18.32,0.82,8.72,1.63
139815,12.06,-4.09,21.62,0.80,8.71,1.64
139850,11.72,-6.26,24.04,0.81,8.68,1.64
139884,10.40,-6.27,26.90,0.74,8.73,1.58
139919,7.67,-5.87,29.06,0.77,8.73,1.59
139954,4.98,-5.55,30.35,0.75,8.68,1.62
139989,1.93,-6.34,30.65,0.67,8.67,1.70
140029,-1.20,-5.50,30.27,0.52,8.67,1.81
140064,-4.03,-4.91,29.03,0.43,8.70,1.76
140098,-6.01,-3.68,26.85,0.39,8.73,1.65
140132,-6.19,-2.65,23.41,0.42,8.73,1.54
140167,-6.89,-2.12,20.21,0.47,8.73,1.43
140202,-5.71,-0.56,17.52,0.44,8.73,1.29
140237,-4.89,1.59,15.54,0.52,8.73,1.15
140272,-4.14,1.84,14.32,0.70,8.73,1.09
140306,-1.49,0.99,14.06,0.86,8.73,1.10
140342,1.49,0.12,12.64,0.99,8.73,1.23
140377,6.07,0.13,13.59,1.14,8.73,1.32
140411,9.92,0.51,15.66,1.35,8.73,1.34
140446,12.17,0.13,17.95,1.64,8.73,1.38
140481,12.88,-1.01,20.33,1.85,8.73,1.60
140516,12.24,-5.11,22.76,1.88,8.73,1.87
140551,11.15,-7.11,25.44,1.70,8.73,2.08
140586,9.84,-8.06,27.81,1.48,8.73,2.22
140620,6.65,-8.61,30.50,1.26,8.73,2.27
140655,3.66,-8.19,31.45,1.11,8.73,2.27
140690,0.78,-8.10,31.43,0.99,8.73,2.24
140725,-1.69,-8.21,30.66,0.94,8.73,2.23
140760,-4.13,-6.86,29.28,0.96,8.73,2.18
140795,-5.88,-5.73,26.08,1.09,8.73,2.10
140831,-5.86,-6.17,22.07,1.20,8.73,2.18
140865,-7.08,-6.68,19.08,1.31,8.62,2.38
140900,-6.33,-9.40,15.54,1.36,8.54,2.68
140934,-5.54,-10.46,12.58,1.21,8.48,2.94
140969,-3.40,-11.65,10.70,0.87,8.48,3.10
141004,-0.04,-10.82,10.08,0.49,8.55,3.11
141039,3.95,-9.30,11.54,0.12,8.67,2.92
141074,6.55,-6.07,12.15,-0.06,8.73,2.58
141109,9.80,-4.94,14.06,-0.14,8.73,2.25
141143,10.94,-4.79,17.57,-0.03,8.73,1.94
141178,11.83,-2.82,21.82,0.11,8.73,1.72
141213,11.86,-3.39,24.12,0.29,8.73,1.59
141248,10.58,-2.60,27.27,0.45,8.73,1.56
141284,8.66,-3.45,29.17,0.62,8.73,1.64
141318,6.53,-3.34,31.17,0.72,8.73,1.80
141353,3.25,-5.50,31.21,0.66,8.73,1.97
141388,0.41,-5.30,31.33,0.48,8.73,2.08
141423,-1.82,-4.01,30.09,0.35,8.73,1.98
141458,-4.25,-2.09,28.23,0.38,8.73,1.81
141493,-6.36,-1.14,26.50,0.57,8.73,1.63
141528,-7.67,-2.28,24.15,0.86,8.73,1.62
141563,-8.05,-2.63,21.25,1.03,8.73,1.74
141598,-6.72,-3.39,17.91,1.12,8.73,1.90
141633,-5.12,-4.17,14.94,1.06,8.73,1.99
141667,-2.02,-4.41,13.19,0.96,8.73,2.05
141702,2.21,-3.43,12.80,0.83,8.73,2.01
141737,5.97,-2.23,11.85,0.81,8.73,1.86
141772,9.10,-0.68,12.95,0.85,8.73,1.77
141807,10.59,-1.40,15.76,0.95,8.73,1.66
141842,12.15,-2.14,17.05,1.04,8.73,1.62
141877,12.00,-3.22,19.44,1.00,8.73,1.63
141912,11.61,-5.58,22.38,0.88,8.73,1.59
141947,10.37,-5.79,25.59,0.72,8.73,1.39
141982,8.65,-5.15,28.38,0.63,8.73,1.08
142017,6.67,-3.86,30.89,0.71,8.73,0.74
142057,4.52,-3.45,31.88,1.01,8.73,0.55
142092,0.98,-3.46,31.96,1.29,8.73,0.68
142127,-2.30,-4.51,30.53,1.32,8.73,1.01
142162,-6.46,-4.16,29.33,1.21,8.73,1.28
142197,-6.75,-3.75,25.84,1.07,8.73,1.42
142232,-6.11,-2.53,21.83,0.94,8.73,1.41
142267,-6.81,-0.86,19.47,0.88,8.73,1.36
142302,-5.54,-0.06,17.50,0.93,8.73,1.36
142338,-3.08,-0.33,15.20,0.99,8.73,1.38
142372,-0.07,-0.67,12.47,1.02,8.73,1.42
142406,1.08,-2.25,11.80,1.02,8.73,1.51
142441,4.55,-2.37,12.36,0.99,8.73,1.62
142476,6.73,-2.25,12.65,0.95,8.73,1.65
142511,8.84,-3.58,14.82,0.87,8.73,1.70
142546,11.32,-5.00,17.64,0.74,8.73,1.70
142581,12.17,-4.66,20.90,0.64,8.73,1.65
142616,12.19,-4.28,24.54,0.59,8.73,1.62
142651,10.82,-4.16,26.98,0.63,8.73,1.62
142686,8.33,-4.48,29.24,0.70,8.73,1.72
142721,5.53,-5.73,30.75,0.71,8.73,1.92
142756,3.22,-5.75,32.14,0.60,8.73,2.07
142791,0.39,-6.37,31.29,0.38,8.73,2.14
142826,-1.70,-3.34,28.93,0.21,8.73,2.05
142861,-3.86,-2.79,26.92,0.16,8.73,1.89
142896,-6.18,-1.31,25.53,0.31,8.73,1.72
142932,-8.43,-1.51,22.71,0.53,8.73,1.67
142966,-6.84,-2.23,19.43,0.83,8.73,1.79
143001,-5.73,-4.91,15.63,1.03,8.73,2.08
143036,-4.10,-7.07,13.06,1.01,8.73,2.32
143070,-0.71,-6.90,12.15,0.85,8.73,2.39
143105,1.58,-6.05,12.18,0.67,8.73,2.32
143140,3.69,-3.96,11.73,0.58,8.73,2.17
143174,6.68,-3.18,13.07,0.59,8.73,1.99
143209,9.47,-2.27,16.08,0.65,8.73,1.87
143244,12.04,-2.88,19.09,0.76,8.73,1.79
143279,12.54,-3.95,23.00,0.82,8.73,1.78
143315,12.32,-4.95,26.31,0.91,8.73,1.80
143349,10.96,-6.34,28.60,0.89,8.73,1.83
143383,8.83,-5.01,30.67,0.85,8.73,1.85
143418,5.46,-5.99,30.66,0.79,8.73,1.87
143453,2.60,-4.64,31.64,0.72,8.73,1.76
143488,-1.04,-5.03,32.01,0.75,8.73,1.66
143523,-3.47,-4.43,29.65,0.84,8.73,1.56
143558,-5.66,-5.41,26.93,0.91,8.73,1.54
143593,-6.27,-3.95,23.76,0.94,8.73,1.57
143628,-6.69,-2.62,20.52,0.97,8.73,1.57
143663,-6.87,-1.74,18.54,0.93,8.73,1.53
143698,-5.24,-1.65,16.40,0.91,8.73,1.45
143733,-2.29,-0.43,14.83,0.88,8.73,1.30
143768,-0.45,1.69,13.29,1.00,8.73,1.16
143803,3.06,1.52,14.65,1.19,8.73,1.08
143839,7.07,1.44,14.82,1.36,8.73,1.20
143873,9.89,0.12,15.86,1.54,8.73,1.34
143908,11.97,-3.28,18.18,1.57,8.73,1.56
143943,12.71,-3.97,20.82,1.56,8.73,1.71
143978,12.38,-4.90,23.61,1.62,8.73,1.91
144013,10.08,-7.54,25.66,1.52,8.73,2.05
144048,8.94,-7.58,28.54,1.31,8.73,2.08
144088,6.50,-7.88,31.25,1.13,8.73,1.91
144123,3.05,-6.38,32.64,1.10,8.73,1.65
144159,0.31,-5.89,32.45,1.27,8.73,1.44
144193,-2.26,-6.37,30.52,1.46,8.73,1.42
144228,-4.79,-6.66,29.29,1.52,8.73,1.54
144263,-5.53,-6.02,26.33,1.55,8.73,1.69
144298,-6.66,-7.15,23.44,1.53,8.73,1.84
144333,-7.92,-6.70,20.23,1.35,8.73,1.93
144369,-6.29,-4.83,17.90,1.14,8.73,1.94
144403,-5.46,-2.99,15.49,0.95,8.73,1.73
144438,-0.96,-0.08,15.10,0.94,8.73,1.51
144473,3.33,1.27,15.01,1.02,8.73,1.29
144508,6.24,1.08,14.78,1.23,8.73,1.20
144543,8.71,-0.46,16.58,1.37,8.73,1.30
144578,11.26,-4.36,18.97,1.32,8.73,1.47
144613,12.69,-5.34,20.90,1.16,8.73,1.58
144648,12.18,-5.60,24.39,1.03,8.73,1.57
144684,11.36,-5.85,27.27,0.93,8.73,1.49
144718,9.89,-6.08,29.37,0.87,8.73,1.32
144753,7.88,-4.68,31.35,0.92,8.73,1.16
144788,4.73,-4.38,31.79,1.06,8.73,1.08
144823,1.57,-4.68,33.03,1.24,8.73,1.09
144858,-1.35,-5.36,31.73,1.33,8.73,1.23
144893,-3.98,-5.60,29.48,1.31,8.73,1.40
144928,-6.08,-5.61,27.32,1.23,8.73,1.52
144963,-7.21,-4.52,24.42,1.02,8.73,1.58
144998,-7.82,-2.85,21.50,0.82,8.73,1.52
145033,-6.12,0.03,19.32,0.73,8.73,1.40
145068,-5.10,0.78,16.83,0.75,8.73,1.32
145103,-1.80,0.54,15.23,0.86,8.73,1.31
145138,1.42,-0.45,14.64,0.97,8.73,1.46
145173,5.74,-2.31,14.32,0.98,8.73,1.62
145208,9.03,-3.53,14.63,0.95,8.73,1.69
145243,10.59,-5.52,16.49,0.84,8.73,1.72
145277,12.24,-4.94,19.45,0.67,8.73,1.70
145312,12.55,-4.09,22.86,0.66,8.73,1.63
145348,11.93,-4.36,25.66,0.66,8.73,1.58
145382,10.80,-4.60,28.74,0.69,8.73,1.55
145417,8.53,-4.88,31.51,0.75,8.73,1.52
145452,5.22,-5.72,32.38,0.80,8.73,1.57
145486,2.22,-5.92,33.92,0.82,8.73,1.60
145521,-0.67,-5.22,32.92,0.80,8.73,1.64
145556,-2.96,-4.91,30.62,0.76,8.73,1.65
145591,-5.47,-4.25,29.13,0.64,8.73,1.65
145626,-6.36,-2.20,26.22,0.61,8.73,1.59
145661,-7.13,-1.67,22.19,0.60,8.73,1.49
145696,-5.07,-1.62,19.10,0.65,8.73,1.44
145731,-4.41,-0.84,16.24,0.75,8.73,1.46
145766,-2.81,-0.94,14.67,0.88,8.73,1.53
145800,1.54,-2.15,14.50,0.92,8.73,1.60
145835,5.21,-1.91,14.09,0.99,8.73,1.61
145870,7.13,-1.57,13.99,1.04,8.73,1.59
145904,9.12,-1.54,16.12,1.14,8.73,1.61
145939,12.03,-1.04,19.39,1.33,8.73,1.62
145974,12.73,-2.15,22.07,1.58,8.73,1.78
146009,12.33,-3.43,25.12,1.68,8.73,2.07
